time_s	battery_pct	charge_ah	voltage	current
8.576	1.0	1.0	12.0	40.0
8.669	0.9999157786369324	0.9999157786369324	12.0	-1.0
8.849	1.0	1.0	12.0	40.0
9.029	0.9999196529388428	0.9999196529388428	12.0	-1.0
9.206000000000001	1.0	1.0	12.0	40.0
9.382000000000001	0.9998666048049927	0.9998666048049927	12.0	-1.7024729251861572
9.384	0.9996751546859741	0.9996751546859741	12.0	-2.4098830223083496
9.588000000000001	1.0	1.0	12.0	40.0
9.762	0.999769926071167	0.999769926071167	12.0	-2.935116767883301
9.763	0.9995326995849609	0.9995326995849609	12.0	-3.0000054836273193
9.794	0.9995051026344299	0.9995051026344299	12.0	-3.0000054836273193
9.891	0.9994258284568787	0.9994258284568787	12.0	-2.8396410942077637
9.986	0.9993427991867065	0.9993427991867065	12.0	-3.0000054836273193
10.076	0.9992674589157104	0.9992674589157104	12.0	-2.7152862548828125
10.168000000000001	0.9991915822029114	0.9991915822029114	12.0	-2.727339744567871
10.257000000000001	0.9991225600242615	0.9991225600242615	12.0	-2.4867026805877686
10.348	0.9990547895431519	0.9990547895431519	12.0	-2.442610263824463
10.441	0.9989936351776123	0.9989936351776123	12.0	-2.2015037536621094
10.535	0.9989256858825684	0.9989256858825684	12.0	-2.442610263824463
10.628	0.9988656640052795	0.9988656640052795	12.0	-2.158634901046753
10.719000000000001	0.9987924695014954	0.9987924695014954	12.0	-2.6402506828308105
11.063	0.9999088048934937	0.9999088048934937	12.0	40.0
11.245000000000001	0.9997002482414246	0.9997002482414246	12.0	-2.0240230560302734
11.246	0.9995593428611755	0.9995593428611755	12.0	-1.715457797050476
11.277000000000001	0.9995439648628235	0.9995439648628235	12.0	-1.6692464351654053
11.369000000000002	0.9994977712631226	0.9994977712631226	12.0	-1.667330265045166
11.461	0.9994500279426575	0.9994500279426575	12.0	-1.715457797050476
11.553	0.9994025230407715	0.9994025230407715	12.0	-1.7120678424835205
11.648000000000001	0.9993561506271362	0.9993561506271362	12.0	-1.6692464351654053
11.743	0.9993001222610474	0.9993001222610474	12.0	-2.0190861225128174
11.836	0.9992524981498718	0.9992524981498718	12.0	-1.7120678424835205
11.929	0.9992048740386963	0.9992048740386963	12.0	-1.7120678424835205
12.023000000000001	0.9991604089736938	0.9991604089736938	12.0	-1.6041889190673828
12.312000000000001	1.0	1.0	12.0	40.0
12.504000000000001	0.9999133348464966	0.9999133348464966	12.0	-1.0
12.694	1.0	1.0	12.0	40.0
12.893	0.9999135732650757	0.9999135732650757	12.0	-1.0
13.086	1.0	1.0	12.0	40.0
13.270000000000001	0.9999127388000488	0.9999127388000488	12.0	-1.0
13.451	1.0	1.0	12.0	40.0
13.65	0.9999176263809204	0.9999176263809204	12.0	-1.0
13.848	1.0	1.0	12.0	40.0
14.05	0.9999129176139832	0.9999129176139832	12.0	-1.0
14.247000000000002	1.0	1.0	12.0	40.0
14.504000000000001	0.9999141693115234	0.9999141693115234	12.0	-1.0
14.689	1.0	1.0	12.0	40.0
14.885000000000002	0.9999169707298279	0.9999169707298279	12.0	-1.0
15.164000000000001	1.0	1.0	12.0	40.0
15.360000000000001	0.9998902082443237	0.9998902082443237	12.0	-1.0
15.561000000000002	1.0	1.0	12.0	40.0
15.82	0.9999133348464966	0.9999133348464966	12.0	-1.0
16.015	1.0	1.0	12.0	40.0
16.199	0.9999139904975891	0.9999139904975891	12.0	-1.0
16.470000000000002	1.0	1.0	12.0	40.0
16.652	0.9998918175697327	0.9998918175697327	12.0	-1.0
16.868000000000002	1.0	1.0	12.0	40.0
17.116	0.999907910823822	0.999907910823822	12.0	-1.0
17.117	0.999650239944458	0.999650239944458	12.0	-2.4999911785125732
17.138	0.9996352791786194	0.9996352791786194	12.0	-2.4999911785125732
17.418000000000003	1.0	1.0	12.0	40.0
17.616	0.9997876286506653	0.9997876286506653	12.0	-2.4999911785125732
17.617	0.99957275390625	0.99957275390625	12.0	-2.4999911785125732
17.697000000000003	0.9995138049125671	0.9995138049125671	12.0	-2.4999911785125732
17.789	0.9994444847106934	0.9994444847106934	12.0	-2.4999911785125732
17.883000000000003	0.99937504529953	0.99937504529953	12.0	-2.4999938011169434
18.176000000000002	1.0	1.0	12.0	40.0
18.382	0.9999131560325623	0.9999131560325623	12.0	-1.0
18.383000000000003	0.9997457265853882	0.9997457265853882	12.0	-1.8983451128005981
18.445	0.9997103810310364	0.9997103810310364	12.0	-1.8251099586486816
18.542	0.999659538269043	0.999659538269043	12.0	-1.8251099586486816
18.632	0.9996084570884705	0.9996084570884705	12.0	-1.8397077322006226
18.725	0.9995540976524353	0.9995540976524353	12.0	-1.9577139616012573
18.815	0.999497652053833	0.999497652053833	12.0	-2.034470319747925
18.91	0.9994453191757202	0.9994453191757202	12.0	-1.8813891410827637
19.001	0.9993854761123657	0.9993854761123657	12.0	-2.1576061248779297
19.089000000000002	0.999323844909668	0.999323844909668	12.0	-2.2190396785736084
19.182000000000002	0.9992647767066956	0.9992647767066956	12.0	-2.126829147338867
19.271	0.9992022514343262	0.9992022514343262	12.0	-2.249657392501831
19.363	0.9991346001625061	0.9991346001625061	12.0	-2.4306228160858154
19.451	0.9990755915641785	0.9990755915641785	12.0	-2.126829147338867
19.542	0.9990053176879883	0.9990053176879883	12.0	-2.5325958728790283
19.635	0.9989407062530518	0.9989407062530518	12.0	-2.325746774673462
19.726000000000003	0.998867928981781	0.998867928981781	12.0	-2.616776466369629
19.819000000000003	0.9987963438034058	0.9987963438034058	12.0	-2.5751144886016846
19.907	0.9987195134162903	0.9987195134162903	12.0	-2.772712469100952
19.998	0.9986424446105957	0.9986424446105957	12.0	-2.772712469100952
20.09	0.9985619187355042	0.9985619187355042	12.0	-2.896449089050293
20.183	0.998481810092926	0.998481810092926	12.0	-2.8860676288604736
20.273	0.9983999133110046	0.9983999133110046	12.0	-2.94573974609375
20.368000000000002	0.998328447341919	0.998328447341919	12.0	-2.5751144886016846
20.461000000000002	0.9982460737228394	0.9982460737228394	12.0	-2.964310884475708
20.551000000000002	0.9981629252433777	0.9981629252433777	12.0	-2.992931842803955
20.647000000000002	0.9980814456939697	0.9980814456939697	12.0	-2.9359445571899414
20.736	0.9980055093765259	0.9980055093765259	12.0	-2.7319114208221436
20.827	0.9979214668273926	0.9979214668273926	12.0	-3.019428014755249
20.92	0.9978457689285278	0.9978457689285278	12.0	-2.7319114208221436
21.011000000000003	0.997774064540863	0.997774064540863	12.0	-2.574481725692749
21.1	0.9977026581764221	0.9977026581764221	12.0	-2.575408458709717
21.196	0.9976313710212708	0.9976313710212708	12.0	-2.5620059967041016
21.288	0.9975547194480896	0.9975547194480896	12.0	-2.7656853199005127
21.382	0.9974837303161621	0.9974837303161621	12.0	-2.5536019802093506
21.476000000000003	0.9974130988121033	0.9974130988121033	12.0	-2.54559326171875
21.568	0.9973426461219788	0.9973426461219788	12.0	-2.5214829444885254
21.661	0.9972717761993408	0.9972717761993408	12.0	-2.5648269653320312
21.754	0.9972020983695984	0.9972020983695984	12.0	-2.510507106781006
21.851000000000003	0.9971328377723694	0.9971328377723694	12.0	-2.492992639541626
21.943	0.9970633387565613	0.9970633387565613	12.0	-2.5018861293792725
22.03	0.9969941973686218	0.9969941973686218	12.0	-2.4869399070739746
22.325000000000003	0.9981050491333008	0.9981050491333008	12.0	40.0
22.514000000000003	0.9979861974716187	0.9979861974716187	12.0	-1.3505746126174927
22.515	0.9978394508361816	0.9978394508361816	12.0	-1.7289689779281616
22.589000000000002	0.9977965950965881	0.9977965950965881	12.0	-1.9897831678390503
22.681	0.9977409839630127	0.9977409839630127	12.0	-2.0010340213775635
22.772000000000002	0.9976896047592163	0.9976896047592163	12.0	-1.8476475477218628
22.866	0.9976303577423096	0.9976303577423096	12.0	-2.1326706409454346
22.956000000000003	0.9975717663764954	0.9975717663764954	12.0	-2.111233711242676
23.047	0.9975107908248901	0.9975107908248901	12.0	-2.195478916168213
23.137	0.9974509477615356	0.9974509477615356	12.0	-2.1538684368133545
23.23	0.9973897933959961	0.9973897933959961	12.0	-2.195478916168213
23.323	0.997325599193573	0.997325599193573	12.0	-2.3194549083709717
23.421000000000003	0.9972754120826721	0.9972754120826721	12.0	-1.7718385457992554
23.511000000000003	0.9972133636474609	0.9972133636474609	12.0	-2.2750449180603027
23.606	0.9971507787704468	0.9971507787704468	12.0	-2.255657911300659
23.695	0.9970381855964661	0.9970381855964661	12.0	-4.040709018707275
23.787000000000003	0.9969266653060913	0.9969266653060913	12.0	-4.0199480056762695
23.880000000000003	0.9968622922897339	0.9968622922897339	12.0	-2.321849822998047
23.975	0.9967499375343323	0.9967499375343323	12.0	-4.040709018707275
24.067	0.9966855049133301	0.9966855049133301	12.0	-2.3214523792266846
24.162000000000003	0.9965870380401611	0.9965870380401611	12.0	-3.545093297958374
24.254	0.9964947700500488	0.9964947700500488	12.0	-3.3189656734466553
24.345000000000002	0.9963963627815247	0.9963963627815247	12.0	-3.545093297958374
24.437	0.9963224530220032	0.9963224530220032	12.0	-2.6597249507904053
24.529	0.9962357878684998	0.9962357878684998	12.0	-3.1193923950195312
24.622	0.9961406588554382	0.9961406588554382	12.0	-3.425889015197754
24.714000000000002	0.9960640072822571	0.9960640072822571	12.0	-2.7608537673950195
24.808	0.9959772229194641	0.9959772229194641	12.0	-3.1174750328063965
24.899	0.9959043860435486	0.9959043860435486	12.0	-2.628141164779663
24.993000000000002	0.9958309531211853	0.9958309531211853	12.0	-2.6424949169158936
25.083000000000002	0.9957632422447205	0.9957632422447205	12.0	-2.432678461074829
25.177000000000003	0.995672881603241	0.995672881603241	12.0	-3.257333278656006
25.269000000000002	0.9955823421478271	0.9955823421478271	12.0	-3.2608442306518555
25.361	0.9955040812492371	0.9955040812492371	12.0	-2.8120269775390625
25.456000000000003	0.9954347610473633	0.9954347610473633	12.0	-2.500995635986328
25.546000000000003	0.9953438639640808	0.9953438639640808	12.0	-3.257333278656006
25.64	0.9952868223190308	0.9952868223190308	12.0	-2.062701940536499
25.736	0.9952250123023987	0.9952250123023987	12.0	-2.223618984222412
25.829	0.9951604008674622	0.9951604008674622	12.0	-2.3249754905700684
25.922	0.9951044917106628	0.9951044917106628	12.0	-2.014897108078003
26.014000000000003	0.9950397610664368	0.9950397610664368	12.0	-2.3249754905700684
26.293000000000003	0.9949825406074524	0.9949825406074524	12.0	-2.0548527240753174
26.294	0.9948218464851379	0.9948218464851379	12.0	-1.9577271938323975
26.558000000000003	0.9948192834854126	0.9948192834854126	12.0	-2.3249754905700684
26.756	0.99460369348526	0.99460369348526	12.0	-1.994520664215088
26.757	0.9944512844085693	0.9944512844085693	12.0	-1.7420854568481445
26.848000000000003	0.9944047927856445	0.9944047927856445	12.0	-1.7420854568481445
26.941000000000003	0.9943546056747437	0.9943546056747437	12.0	-1.8091610670089722
27.033	0.9943037033081055	0.9943037033081055	12.0	-1.829232096672058
27.125	0.9942588210105896	0.9942588210105896	12.0	-1.6160132884979248
27.216	0.9941958785057068	0.9941958785057068	12.0	-2.2700932025909424
27.308000000000003	0.9941502809524536	0.9941502809524536	12.0	-1.641768455505371
27.400000000000002	0.9940953850746155	0.9940953850746155	12.0	-1.972475528717041
27.489	0.9940500855445862	0.9940500855445862	12.0	-1.6336463689804077
27.581000000000003	0.9940080642700195	0.9940080642700195	12.0	-1.5128005743026733
27.672	0.9939655661582947	0.9939655661582947	12.0	-1.5283880233764648
27.765	0.9939230680465698	0.9939230680465698	12.0	-1.5283880233764648
27.859	0.9938623905181885	0.9938623905181885	12.0	-2.188706398010254
27.947000000000003	0.9938029050827026	0.9938029050827026	12.0	-2.1395111083984375
28.042	0.9937435388565063	0.9937435388565063	12.0	-2.1395111083984375
28.136000000000003	0.9936839938163757	0.9936839938163757	12.0	-2.142310619354248
28.23	0.9936438202857971	0.9936438202857971	12.0	-1.446597933769226
28.325000000000003	0.9935991168022156	0.9935991168022156	12.0	-1.6070680618286133
28.415000000000003	0.9935418963432312	0.9935418963432312	12.0	-2.0624608993530273
28.508000000000003	0.9935038089752197	0.9935038089752197	12.0	-1.3719521760940552
28.6	0.9934510588645935	0.9934510588645935	12.0	-1.8979122638702393
28.692	0.9934126138687134	0.9934126138687134	12.0	-1.3820768594741821
28.785	0.9933741092681885	0.9933741092681885	12.0	-1.3888399600982666
28.878	0.9933357834815979	0.9933357834815979	12.0	-1.3796894550323486
28.970000000000002	0.9932971000671387	0.9932971000671387	12.0	-1.3930102586746216
29.062	0.9932655096054077	0.9932655096054077	12.0	-1.1352375745773315
29.156000000000002	0.9932371973991394	0.9932371973991394	12.0	-1.0
29.243000000000002	0.993209958076477	0.993209958076477	12.0	-1.0
29.335	0.9931821823120117	0.9931821823120117	12.0	-1.0
29.428	0.9931543469429016	0.9931543469429016	12.0	-1.0
29.519000000000002	0.993126630783081	0.993126630783081	12.0	-1.0
29.610000000000003	0.9930988550186157	0.9930988550186157	12.0	-1.0
29.703000000000003	0.9930711388587952	0.9930711388587952	12.0	-1.0
29.797	0.9930433034896851	0.9930433034896851	12.0	-1.0
29.887	0.993015468120575	0.993015468120575	12.0	-1.0
29.974	0.9929876923561096	0.9929876923561096	12.0	-1.0
30.064000000000004	0.9929599165916443	0.9929599165916443	12.0	-1.0
30.157000000000004	0.9929322004318237	0.9929322004318237	12.0	-1.0
30.251	0.9929044246673584	0.9929044246673584	12.0	-1.0
30.341	0.9928766489028931	0.9928766489028931	12.0	-1.0
30.435000000000002	0.9928488731384277	0.9928488731384277	12.0	-1.0
30.524	0.9928210377693176	0.9928210377693176	12.0	-1.0
30.618000000000002	0.9927933216094971	0.9927933216094971	12.0	-1.0
30.713	0.9927655458450317	0.9927655458450317	12.0	-1.0
30.807000000000002	0.9927377700805664	0.9927377700805664	12.0	-1.0
30.899	0.9927099943161011	0.9927099943161011	12.0	-1.0
30.993000000000002	0.9926822185516357	0.9926822185516357	12.0	-1.0
31.087000000000003	0.9926543235778809	0.9926543235778809	12.0	-1.0
31.179000000000002	0.9926266670227051	0.9926266670227051	12.0	-1.0
31.272000000000002	0.992598831653595	0.992598831653595	12.0	-1.0
31.366000000000003	0.9925711154937744	0.9925711154937744	12.0	-1.0
31.461000000000002	0.9925432205200195	0.9925432205200195	12.0	-1.0
31.551000000000002	0.992515504360199	0.992515504360199	12.0	-1.0
31.643	0.9924877285957336	0.9924877285957336	12.0	-1.0
31.735000000000003	0.9924600124359131	0.9924600124359131	12.0	-1.0
31.825000000000003	0.992432177066803	0.992432177066803	12.0	-1.0
31.918000000000003	0.9924044609069824	0.9924044609069824	12.0	-1.0
32.012	0.9923766255378723	0.9923766255378723	12.0	-1.0
32.104	0.992348849773407	0.992348849773407	12.0	-1.0
32.197	0.9923210740089417	0.9923210740089417	12.0	-1.0
32.29	0.9922932982444763	0.9922932982444763	12.0	-1.0
32.384	0.992265522480011	0.992265522480011	12.0	-1.0
32.475	0.9922378063201904	0.9922378063201904	12.0	-1.0
32.563	0.9922099709510803	0.9922099709510803	12.0	-1.0
32.654	0.992182195186615	0.992182195186615	12.0	-1.0
32.743	0.9921544194221497	0.9921544194221497	12.0	-1.0
32.834	0.9921262860298157	0.9921262860298157	12.0	-1.0
32.925000000000004	0.992098867893219	0.992098867893219	12.0	-1.0
33.016000000000005	0.9920710921287537	0.9920710921287537	12.0	-1.0
33.106	0.992043137550354	0.992043137550354	12.0	-1.0
33.199000000000005	0.992015540599823	0.992015540599823	12.0	-1.0
33.291000000000004	0.9919877052307129	0.9919877052307129	12.0	-1.0
33.381	0.9919599294662476	0.9919599294662476	12.0	-1.0
33.472	0.991932213306427	0.991932213306427	12.0	-1.0
33.561	0.9919044375419617	0.9919044375419617	12.0	-1.0
33.655	0.9918766617774963	0.9918766617774963	12.0	-1.0
33.747	0.991848886013031	0.991848886013031	12.0	-1.0
33.84	0.9918210506439209	0.9918210506439209	12.0	-1.0
33.933	0.9917932748794556	0.9917932748794556	12.0	-1.0
34.026	0.991765558719635	0.991765558719635	12.0	-1.0
34.119	0.9916960597038269	0.9916960597038269	12.0	-2.499268054962158
34.209	0.9916427135467529	0.9916427135467529	12.0	-1.9210013151168823
34.302	0.9915733337402344	0.9915733337402344	12.0	-2.499990224838257
34.396	0.991503894329071	0.991503894329071	12.0	-2.499990224838257
34.484	0.9914344549179077	0.9914344549179077	12.0	-2.499990224838257
34.576	0.9913648962974548	0.9913648962974548	12.0	-2.499990224838257
34.667	0.9912954568862915	0.9912954568862915	12.0	-2.499990463256836
34.759	0.9912259578704834	0.9912259578704834	12.0	-2.499990463256836
34.85	0.9911566972732544	0.9911566972732544	12.0	-2.499990463256836
34.942	0.9911196827888489	0.9911196827888489	12.0	-1.3300068378448486
35.035000000000004	0.9910519123077393	0.9910519123077393	12.0	-2.4399971961975098
35.125	0.9909877777099609	0.9909877777099609	12.0	-2.3073832988739014
35.218	0.9909183382987976	0.9909183382987976	12.0	-2.499990701675415
35.311	0.9908816814422607	0.9908816814422607	12.0	-1.3217806816101074
35.399	0.9908179044723511	0.9908179044723511	12.0	-2.2964956760406494
35.491	0.9907540678977966	0.9907540678977966	12.0	-2.2964956760406494
35.587	0.9906898140907288	0.9906898140907288	12.0	-2.265972852706909
35.676	0.9906272292137146	0.9906272292137146	12.0	-2.303901433944702
35.769000000000005	0.990567684173584	0.990567684173584	12.0	-2.1443183422088623
35.86	0.9905077219009399	0.9905077219009399	12.0	-2.1541318893432617
35.954	0.9904587268829346	0.9904587268829346	12.0	-1.765815258026123
36.047000000000004	0.9904014468193054	0.9904014468193054	12.0	-2.0634517669677734
36.14	0.9903551340103149	0.9903551340103149	12.0	-1.6665995121002197
36.226	0.9903060793876648	0.9903060793876648	12.0	-1.765815258026123
36.316	0.9902582168579102	0.9902582168579102	12.0	-1.72373628616333
36.407000000000004	0.9902104139328003	0.9902104139328003	12.0	-1.7176990509033203
36.5	0.9901626706123352	0.9901626706123352	12.0	-1.7179951667785645
36.594	0.9901103377342224	0.9901103377342224	12.0	-1.8834971189498901
36.687000000000005	0.9900563955307007	0.9900563955307007	12.0	-1.9445278644561768
36.776	0.9900023341178894	0.9900023341178894	12.0	-1.9445278644561768
36.867000000000004	0.9899471402168274	0.9899471402168274	12.0	-1.9905035495758057
36.962	0.9898930788040161	0.9898930788040161	12.0	-1.9445278644561768
37.056000000000004	0.9898301362991333	0.9898301362991333	12.0	-2.2670469284057617
37.148	0.9897696375846863	0.9897696375846863	12.0	-2.1751129627227783
37.24	0.9897144436836243	0.9897144436836243	12.0	-1.9905035495758057
37.333000000000006	0.9896484613418579	0.9896484613418579	12.0	-2.373055934906006
37.423	0.9895784854888916	0.9895784854888916	12.0	-2.520240545272827
37.516000000000005	0.9895087480545044	0.9895087480545044	12.0	-2.505826234817505
37.609	0.9894391894340515	0.9894391894340515	12.0	-2.505826234817505
37.699000000000005	0.989371657371521	0.989371657371521	12.0	-2.4326717853546143
37.792	0.9892928600311279	0.9892928600311279	12.0	-2.8372316360473633
37.88	0.9892244935035706	0.9892244935035706	12.0	-2.4621357917785645
37.974000000000004	0.9891560673713684	0.9891560673713684	12.0	-2.4621357917785645
38.067	0.9890459179878235	0.9890459179878235	12.0	-3.9713151454925537
38.158	0.9889305830001831	0.9889305830001831	12.0	-4.148990154266357
38.248000000000005	0.9888259172439575	0.9888259172439575	12.0	-3.769178628921509
38.339000000000006	0.9887215495109558	0.9887215495109558	12.0	-3.758990526199341
38.433	0.9886166453361511	0.9886166453361511	12.0	-3.7708396911621094
38.526	0.9884980916976929	0.9884980916976929	12.0	-4.260239601135254
38.619	0.9883844256401062	0.9883844256401062	12.0	-4.1060919761657715
38.71	0.9882832169532776	0.9882832169532776	12.0	-3.6377224922180176
38.806000000000004	0.9881798028945923	0.9881798028945923	12.0	-3.718871593475342
38.900000000000006	0.9880779981613159	0.9880779981613159	12.0	-3.669285774230957
38.993	0.9879791140556335	0.9879791140556335	12.0	-3.5595943927764893
39.084	0.9878798723220825	0.9878798723220825	12.0	-3.5706074237823486
39.177	0.9877808094024658	0.9877808094024658	12.0	-3.5706074237823486
39.267	0.9876816868782043	0.9876816868782043	12.0	-3.5706074237823486
39.36	0.9875838756561279	0.9875838756561279	12.0	-3.51424503326416
39.449000000000005	0.9874825477600098	0.9874825477600098	12.0	-3.6459388732910156
39.538000000000004	0.9873836040496826	0.9873836040496826	12.0	-3.5711467266082764
39.629000000000005	0.9872820973396301	0.9872820973396301	12.0	-3.6459388732910156
39.722	0.9871851205825806	0.9871851205825806	12.0	-3.491708993911743
39.813	0.9870901703834534	0.9870901703834534	12.0	-3.4217748641967773
39.905	0.986962616443634	0.986962616443634	12.0	-4.586910247802734
39.998000000000005	0.9868682026863098	0.9868682026863098	12.0	-3.4040465354919434
40.09	0.9867408275604248	0.9867408275604248	12.0	-4.586910247802734
40.185	0.986646294593811	0.986646294593811	12.0	-3.4040465354919434
40.278000000000006	0.9865146279335022	0.9865146279335022	12.0	-4.73654842376709
40.367000000000004	0.9863829612731934	0.9863829612731934	12.0	-4.742895126342773
40.458000000000006	0.9862898588180542	0.9862898588180542	12.0	-3.344327211380005
40.552	0.986196756362915	0.986196756362915	12.0	-3.3571929931640625
40.644000000000005	0.986103892326355	0.986103892326355	12.0	-3.344327211380005
40.738	0.9860088229179382	0.9860088229179382	12.0	-3.3571929931640625
40.828	0.9858796000480652	0.9858796000480652	12.0	-4.7426910400390625
40.921	0.985750675201416	0.985750675201416	12.0	-4.642587661743164
41.012	0.9856575131416321	0.9856575131416321	12.0	-3.354404926300049
41.106	0.9855661392211914	0.9855661392211914	12.0	-3.2861809730529785
41.193000000000005	0.985475480556488	0.985475480556488	12.0	-3.264374017715454
41.285000000000004	0.985345721244812	0.985345721244812	12.0	-4.672237396240234
41.377	0.9852178692817688	0.9852178692817688	12.0	-4.599538326263428
41.471000000000004	0.9850829839706421	0.9850829839706421	12.0	-4.846586227416992
41.567	0.9849485158920288	0.9849485158920288	12.0	-4.846586227416992
41.656000000000006	0.9848583340644836	0.9848583340644836	12.0	-3.2471656799316406
41.746	0.9847679138183594	0.9847679138183594	12.0	-3.2587597370147705
41.837	0.9846780896186829	0.9846780896186829	12.0	-3.234539270401001
41.932	0.9845886826515198	0.9845886826515198	12.0	-3.2205421924591064
42.027	0.9844570159912109	0.9844570159912109	12.0	-4.73893404006958
42.119	0.9843671917915344	0.9843671917915344	12.0	-3.2321219444274902
42.213	0.9842772483825684	0.9842772483825684	12.0	-3.2344858646392822
42.309000000000005	0.984150230884552	0.984150230884552	12.0	-4.576467990875244
42.401	0.9840601682662964	0.9840601682662964	12.0	-3.234483242034912
42.494	0.983971118927002	0.983971118927002	12.0	-3.2152762413024902
42.587	0.9838335514068604	0.9838335514068604	12.0	-4.943015098571777
42.674	0.983696460723877	0.983696460723877	12.0	-4.943015098571777
42.769000000000005	0.9836041927337646	0.9836041927337646	12.0	-3.240513324737549
42.86	0.9835165143013	0.9835165143013	12.0	-3.2367634773254395
42.954	0.9833855032920837	0.9833855032920837	12.0	-4.718830108642578
43.049	0.9832539558410645	0.9832539558410645	12.0	-4.7330322265625
43.14	0.9831650257110596	0.9831650257110596	12.0	-3.2055394649505615
43.232	0.9830750226974487	0.9830750226974487	12.0	-3.2367634773254395
43.327000000000005	0.9829371571540833	0.9829371571540833	12.0	-4.962198257446289
43.421	0.9828051924705505	0.9828051924705505	12.0	-4.745462894439697
43.508	0.9826729893684387	0.9826729893684387	12.0	-4.753870487213135
43.599000000000004	0.9825860857963562	0.9825860857963562	12.0	-3.1375274658203125
43.690000000000005	0.9824976325035095	0.9824976325035095	12.0	-3.1781511306762695
43.783	0.9824103116989136	0.9824103116989136	12.0	-3.1472840309143066
43.875	0.9823209643363953	0.9823209643363953	12.0	-3.2188003063201904
43.967000000000006	0.9821869730949402	0.9821869730949402	12.0	-4.823375701904297
44.061	0.9821012616157532	0.9821012616157532	12.0	-3.086189031600952
44.152	0.9819689393043518	0.9819689393043518	12.0	-4.753870487213135
44.242000000000004	0.9818355441093445	0.9818355441093445	12.0	-4.81304931640625
44.334	0.9817016124725342	0.9817016124725342	12.0	-4.8187761306762695
44.427	0.9816240668296814	0.9816240668296814	12.0	-2.794448137283325
44.52	0.9814955592155457	0.9814955592155457	12.0	-4.621978282928467
44.611000000000004	0.9814229011535645	0.9814229011535645	12.0	-2.6143689155578613
44.704	0.9813538789749146	0.9813538789749146	12.0	-2.48190975189209
44.796	0.9812812805175781	0.9812812805175781	12.0	-2.6143689155578613
44.89	0.981214165687561	0.981214165687561	12.0	-2.4212646484375
44.981	0.9810985922813416	0.9810985922813416	12.0	-4.159546852111816
45.073	0.9810333251953125	0.9810333251953125	12.0	-2.3475377559661865
45.163000000000004	0.980927050113678	0.980927050113678	12.0	-3.8303515911102295
45.256	0.9808204174041748	0.9808204174041748	12.0	-3.8303515911102295
45.35	0.9807438254356384	0.9807438254356384	12.0	-2.7578041553497314
45.442	0.9806835651397705	0.9806835651397705	12.0	-2.1721370220184326
45.536	0.9806228876113892	0.9806228876113892	12.0	-2.187164545059204
45.628	0.9805555939674377	0.9805555939674377	12.0	-2.419093608856201
45.717000000000006	0.9804884195327759	0.9804884195327759	12.0	-2.419093608856201
45.81	0.9804279804229736	0.9804279804229736	12.0	-2.1721370220184326
45.903000000000006	0.9803591966629028	0.9803591966629028	12.0	-2.481660842895508
45.995000000000005	0.9803013205528259	0.9803013205528259	12.0	-2.080590009689331
46.089000000000006	0.9802436828613281	0.9802436828613281	12.0	-2.080150604248047
46.183	0.9801437258720398	0.9801437258720398	12.0	-3.5956318378448486
46.275000000000006	0.9800919890403748	0.9800919890403748	12.0	-1.858784556388855
46.368	0.980034351348877	0.980034351348877	12.0	-2.080150604248047
46.459	0.9799411296844482	0.9799411296844482	12.0	-3.3522701263427734
46.546	0.9798731803894043	0.9798731803894043	12.0	-2.446563482284546
46.642	0.9797855615615845	0.9797855615615845	12.0	-3.1534626483917236
46.737	0.9796931743621826	0.9796931743621826	12.0	-3.3230135440826416
46.829	0.9796059727668762	0.9796059727668762	12.0	-3.141538143157959
46.922000000000004	0.9795576333999634	0.9795576333999634	12.0	-1.7391694784164429
47.007000000000005	0.9795094132423401	0.9795094132423401	12.0	-1.7391694784164429
47.099000000000004	0.979417085647583	0.979417085647583	12.0	-3.3230135440826416
47.191	0.9793717265129089	0.9793717265129089	12.0	-1.6309784650802612
47.285000000000004	0.9792793989181519	0.9792793989181519	12.0	-3.3230135440826416
47.38	0.9792160391807556	0.9792160391807556	12.0	-2.278369188308716
47.470000000000006	0.9791361093521118	0.9791361093521118	12.0	-2.8844540119171143
47.56	0.9790588021278381	0.9790588021278381	12.0	-2.780991554260254
47.651	0.9789713621139526	0.9789713621139526	12.0	-3.141538143157959
47.743	0.9789258241653442	0.9789258241653442	12.0	-1.6428920030593872
47.835	0.9788565039634705	0.9788565039634705	12.0	-2.4972875118255615
47.931000000000004	0.978818416595459	0.978818416595459	12.0	-1.3601319789886475
48.022000000000006	0.9787338972091675	0.9787338972091675	12.0	-3.0671639442443848
48.116	0.9786937236785889	0.9786937236785889	12.0	-1.4444831609725952
48.205000000000005	0.9786332845687866	0.9786332845687866	12.0	-2.1771461963653564
48.29600000000001	0.9785685539245605	0.9785685539245605	12.0	-2.3329784870147705
48.391000000000005	0.9785007834434509	0.9785007834434509	12.0	-2.438861608505249
48.476000000000006	0.9784623980522156	0.9784623980522156	12.0	-1.3835328817367554
48.57	0.9784262776374817	0.9784262776374817	12.0	-1.2982869148254395
48.659000000000006	0.978384792804718	0.978384792804718	12.0	-1.493850827217102
48.752	0.9783483743667603	0.9783483743667603	12.0	-1.3114889860153198
48.845000000000006	0.9783098101615906	0.9783098101615906	12.0	-1.3882187604904175
48.937000000000005	0.9782766699790955	0.9782766699790955	12.0	-1.1939777135849
49.032000000000004	0.9782169461250305	0.9782169461250305	12.0	-2.1447086334228516
49.123000000000005	0.9781771898269653	0.9781771898269653	12.0	-1.4343531131744385
49.216	0.9781378507614136	0.9781378507614136	12.0	-1.4168517589569092
49.311	0.9780961871147156	0.9780961871147156	12.0	-1.4983164072036743
49.404	0.9780582785606384	0.9780582785606384	12.0	-1.3646284341812134
49.496	0.9780166745185852	0.9780166745185852	12.0	-1.4983164072036743
49.588	0.9779630303382874	0.9779630303382874	12.0	-1.931692361831665
49.682	0.9779124855995178	0.9779124855995178	12.0	-1.8161605596542358
49.776	0.9778558611869812	0.9778558611869812	12.0	-2.038877487182617
49.869	0.9778194427490234	0.9778194427490234	12.0	-1.3115524053573608
49.963	0.9777836203575134	0.9777836203575134	12.0	-1.2905465364456177
50.04900000000001	0.9777477979660034	0.9777477979660034	12.0	-1.2905465364456177
50.141000000000005	0.9777095317840576	0.9777095317840576	12.0	-1.375822901725769
50.234	0.9776595234870911	0.9776595234870911	12.0	-1.7995905876159668
50.328	0.9776094555854797	0.9776094555854797	12.0	-1.8044131994247437
50.417	0.9775816798210144	0.9775816798210144	12.0	-1.0004140138626099
50.506	0.9775539040565491	0.9775539040565491	12.0	-1.0
50.598000000000006	0.977526068687439	0.977526068687439	12.0	-1.0
50.691	0.9774760007858276	0.9774760007858276	12.0	-1.8044131994247437
50.785000000000004	0.9774482250213623	0.9774482250213623	12.0	-1.0
50.877	0.9774203896522522	0.9774203896522522	12.0	-1.0
50.969	0.9773926734924316	0.9773926734924316	12.0	-1.0
51.062000000000005	0.9773648977279663	0.9773648977279663	12.0	-1.0
51.154	0.977337121963501	0.977337121963501	12.0	-1.0
51.244	0.9773093461990356	0.9773093461990356	12.0	-1.0
51.336000000000006	0.9772815704345703	0.9772815704345703	12.0	-1.0
51.43	0.9772537350654602	0.9772537350654602	12.0	-1.0
51.521	0.9772259593009949	0.9772259593009949	12.0	-1.0
51.614000000000004	0.9771982431411743	0.9771982431411743	12.0	-1.0
51.704	0.977170467376709	0.977170467376709	12.0	-1.0
51.798	0.9771426916122437	0.9771426916122437	12.0	-1.0
51.892	0.9771149158477783	0.9771149158477783	12.0	-1.0
51.982000000000006	0.977087140083313	0.977087140083313	12.0	-1.0
52.071000000000005	0.9770593047142029	0.9770593047142029	12.0	-1.0
52.159000000000006	0.9770315289497375	0.9770315289497375	12.0	-1.0
52.25	0.977003812789917	0.977003812789917	12.0	-1.0
52.34	0.9769760370254517	0.9769760370254517	12.0	-1.0
52.431000000000004	0.9769482612609863	0.9769482612609863	12.0	-1.0
52.526	0.9769204258918762	0.9769204258918762	12.0	-1.0
52.619	0.9768926501274109	0.9768926501274109	12.0	-1.0
52.71	0.9768648147583008	0.9768648147583008	12.0	-1.0
52.803000000000004	0.976837158203125	0.976837158203125	12.0	-1.0
52.895	0.9768093824386597	0.9768093824386597	12.0	-1.0
52.98800000000001	0.9767815470695496	0.9767815470695496	12.0	-1.0
53.080000000000005	0.9767537713050842	0.9767537713050842	12.0	-1.0
53.172000000000004	0.9767259955406189	0.9767259955406189	12.0	-1.0
53.262	0.9766982793807983	0.9766982793807983	12.0	-1.0
53.357000000000006	0.9766703844070435	0.9766703844070435	12.0	-1.0
53.448	0.9766426682472229	0.9766426682472229	12.0	-1.0
53.541000000000004	0.9766148924827576	0.9766148924827576	12.0	-1.0
53.632000000000005	0.9765871167182922	0.9765871167182922	12.0	-1.0
53.725	0.9765593409538269	0.9765593409538269	12.0	-1.0
53.815000000000005	0.9765315651893616	0.9765315651893616	12.0	-1.0
53.909000000000006	0.9765037894248962	0.9765037894248962	12.0	-1.0
54.004000000000005	0.9764760136604309	0.9764760136604309	12.0	-1.0
54.097	0.9764482378959656	0.9764482378959656	12.0	-1.0
54.189	0.9764204621315002	0.9764204621315002	12.0	-1.0
54.281000000000006	0.9763926267623901	0.9763926267623901	12.0	-1.0
54.372	0.9763649106025696	0.9763649106025696	12.0	-1.0
54.468	0.9763370752334595	0.9763370752334595	12.0	-1.0
54.559000000000005	0.9763093590736389	0.9763093590736389	12.0	-1.0
54.653000000000006	0.9762815833091736	0.9762815833091736	12.0	-1.0
54.748000000000005	0.9762538075447083	0.9762538075447083	12.0	-1.0
54.841	0.9762259721755981	0.9762259721755981	12.0	-1.0
54.936	0.9761982560157776	0.9761982560157776	12.0	-1.0
55.027	0.9761704206466675	0.9761704206466675	12.0	-1.0
55.120000000000005	0.9761426448822021	0.9761426448822021	12.0	-1.0
55.211000000000006	0.9761149287223816	0.9761149287223816	12.0	-1.0
55.301	0.9760870933532715	0.9760870933532715	12.0	-1.0
55.395	0.9760593175888062	0.9760593175888062	12.0	-1.0
55.484	0.9760316014289856	0.9760316014289856	12.0	-1.0
55.573	0.9759621024131775	0.9759621024131775	12.0	-2.4999914169311523
55.660000000000004	0.9758926630020142	0.9758926630020142	12.0	-2.4999914169311523
55.753	0.9758231043815613	0.9758231043815613	12.0	-2.499993324279785
55.847	0.9757537841796875	0.9757537841796875	12.0	-2.499993324279785
55.940000000000005	0.9756842851638794	0.9756842851638794	12.0	-2.4999914169311523
56.028000000000006	0.9756148457527161	0.9756148457527161	12.0	-2.4999911785125732
56.125	0.9755454063415527	0.9755454063415527	12.0	-2.4999911785125732
56.218	0.9754760265350342	0.9754760265350342	12.0	-2.4999911785125732
56.30800000000001	0.9754065275192261	0.9754065275192261	12.0	-2.4999911785125732
56.396	0.9753371477127075	0.9753371477127075	12.0	-2.4999914169311523
56.492000000000004	0.9752736687660217	0.9752736687660217	12.0	-2.284001588821411
56.587	0.9752041101455688	0.9752041101455688	12.0	-2.4999911785125732
56.681000000000004	0.9751408100128174	0.9751408100128174	12.0	-2.284001588821411
56.773	0.9750894904136658	0.9750894904136658	12.0	-1.8447538614273071
56.86600000000001	0.9750200510025024	0.9750200510025024	12.0	-2.4999914169311523
56.959	0.9749700427055359	0.9749700427055359	12.0	-1.8027219772338867
57.050000000000004	0.9749200940132141	0.9749200940132141	12.0	-1.7966150045394897
57.144000000000005	0.9748696088790894	0.9748696088790894	12.0	-1.8147438764572144
57.234	0.9748189449310303	0.9748189449310303	12.0	-1.8237569332122803
57.326	0.974769115447998	0.974769115447998	12.0	-1.7966150045394897
57.418000000000006	0.9747151136398315	0.9747151136398315	12.0	-1.945304274559021
57.509	0.974662184715271	0.974662184715271	12.0	-1.9030166864395142
57.602000000000004	0.9746060967445374	0.9746060967445374	12.0	-2.0172083377838135
57.693000000000005	0.9745535850524902	0.9745535850524902	12.0	-1.8943952322006226
57.785000000000004	0.9744952917098999	0.9744952917098999	12.0	-2.098118782043457
57.878	0.9744426608085632	0.9744426608085632	12.0	-1.8943952322006226
57.970000000000006	0.9743841290473938	0.9743841290473938	12.0	-2.108933210372925
58.062000000000005	0.9743229150772095	0.9743229150772095	12.0	-2.2044003009796143
58.157000000000004	0.9742603898048401	0.9742603898048401	12.0	-2.2507126331329346
58.25000000000001	0.9742017388343811	0.9742017388343811	12.0	-2.108933210372925
58.342000000000006	0.9741283059120178	0.9741283059120178	12.0	-2.6470277309417725
58.431000000000004	0.9740551114082336	0.9740551114082336	12.0	-2.6334850788116455
58.527	0.9739808440208435	0.9739808440208435	12.0	-2.6737611293792725
58.620000000000005	0.973902702331543	0.973902702331543	12.0	-2.811079978942871
58.708000000000006	0.973822295665741	0.973822295665741	12.0	-2.8916170597076416
58.800000000000004	0.973746657371521	0.973746657371521	12.0	-2.7257087230682373
58.894000000000005	0.9736258387565613	0.9736258387565613	12.0	-4.346255779266357
58.986000000000004	0.9735482335090637	0.9735482335090637	12.0	-2.7993533611297607
59.078	0.9734383821487427	0.9734383821487427	12.0	-3.9519782066345215
59.172000000000004	0.9733243584632874	0.9733243584632874	12.0	-4.104015827178955
59.265	0.9732117652893066	0.9732117652893066	12.0	-4.05111026763916
59.357000000000006	0.9730991125106812	0.9730991125106812	12.0	-4.05111026763916
59.445	0.97298663854599	0.97298663854599	12.0	-4.05111026763916
59.538000000000004	0.9728728532791138	0.9728728532791138	12.0	-4.100373268127441
59.627	0.9727593064308167	0.9727593064308167	12.0	-4.087650775909424
59.719	0.9726468920707703	0.9726468920707703	12.0	-4.0438127517700195
59.81100000000001	0.9725329279899597	0.9725329279899597	12.0	-4.102891445159912
59.904	0.9724195003509521	0.9724195003509521	12.0	-4.087650775909424
59.996	0.9723062515258789	0.9723062515258789	12.0	-4.074139595031738
60.088	0.9721939563751221	0.9721939563751221	12.0	-4.047380447387695
60.178000000000004	0.9720807671546936	0.9720807671546936	12.0	-4.07413911819458
60.269000000000005	0.9719688892364502	0.9719688892364502	12.0	-4.028103351593018
60.36300000000001	0.9718570709228516	0.9718570709228516	12.0	-4.02685022354126
60.453	0.9717455506324768	0.9717455506324768	12.0	-4.011429786682129
60.54600000000001	0.971634030342102	0.971634030342102	12.0	-4.011430263519287
60.637	0.9715224504470825	0.9715224504470825	12.0	-4.016520023345947
60.731	0.9714106321334839	0.9714106321334839	12.0	-4.011430263519287
60.825	0.9712992906570435	0.9712992906570435	12.0	-4.012178421020508
60.917	0.9711886048316956	0.9711886048316956	12.0	-4.000429153442383
61.008	0.9710772633552551	0.9710772633552551	12.0	-4.000380039215088
61.099000000000004	0.9709661602973938	0.9709661602973938	12.0	-4.006067276000977
61.190000000000005	0.9708548784255981	0.9708548784255981	12.0	-4.005634784698486
61.285000000000004	0.9707437753677368	0.9707437753677368	12.0	-3.9999806880950928
61.37500000000001	0.9706326127052307	0.9706326127052307	12.0	-3.9999399185180664
61.467000000000006	0.9705214500427246	0.9705214500427246	12.0	-3.9999806880950928
61.562000000000005	0.9704105257987976	0.9704105257987976	12.0	-4.000006675720215
61.652	0.9702993035316467	0.9702993035316467	12.0	-3.9999806880950928
61.743	0.9701881408691406	0.9701881408691406	12.0	-3.9999911785125732
61.84	0.9700772166252136	0.9700772166252136	12.0	-3.9999914169311523
61.932	0.9699659943580627	0.9699659943580627	12.0	-4.000017166137695
62.022000000000006	0.9698547720909119	0.9698547720909119	12.0	-3.999837875366211
62.115	0.9697438478469849	0.9697438478469849	12.0	-4.000014781951904
62.211000000000006	0.9696325659751892	0.9696325659751892	12.0	-4.000009059906006
62.306000000000004	0.9695215225219727	0.9695215225219727	12.0	-4.000014781951904
62.394000000000005	0.9694103598594666	0.9694103598594666	12.0	-4.000009059906006
62.487	0.96929931640625	0.96929931640625	12.0	-3.999992847442627
62.577000000000005	0.9691880941390991	0.9691880941390991	12.0	-3.9999923706054688
62.67	0.9690770506858826	0.9690770506858826	12.0	-3.999992609024048
62.765	0.9689658284187317	0.9689658284187317	12.0	-3.9999916553497314
62.858000000000004	0.9688549041748047	0.9688549041748047	12.0	-3.9999780654907227
62.95	0.9687438011169434	0.9687438011169434	12.0	-3.9999656677246094
63.043000000000006	0.9686326384544373	0.9686326384544373	12.0	-3.999992609024048
63.136	0.9685215353965759	0.9685215353965759	12.0	-3.999992609024048
63.229000000000006	0.9684102535247803	0.9684102535247803	12.0	-3.9999659061431885
63.321000000000005	0.9682993292808533	0.9682993292808533	12.0	-3.999983787536621
63.413000000000004	0.9681882262229919	0.9681882262229919	12.0	-3.9999845027923584
63.505	0.9680770039558411	0.9680770039558411	12.0	-3.9999778270721436
63.597	0.9679660201072693	0.9679660201072693	12.0	-3.9999806880950928
63.690000000000005	0.9678547382354736	0.9678547382354736	12.0	-3.9999923706054688
63.785000000000004	0.9677438139915466	0.9677438139915466	12.0	-3.9999940395355225
63.877	0.9676327109336853	0.9676327109336853	12.0	-3.9999911785125732
63.965	0.967521607875824	0.967521607875824	12.0	-3.9999921321868896
64.057	0.9674103856086731	0.9674103856086731	12.0	-3.9999911785125732
64.144	0.9672994017601013	0.9672994017601013	12.0	-3.999990940093994
64.241	0.96718829870224	0.96718829870224	12.0	-3.999997138977051
64.33200000000001	0.9670771360397339	0.9670771360397339	12.0	-3.9999921321868896
64.425	0.9669659733772278	0.9669659733772278	12.0	-3.999990940093994
64.518	0.9668582081794739	0.9668582081794739	12.0	-3.8784472942352295
64.611	0.9667471647262573	0.9667471647262573	12.0	-3.999997138977051
64.70100000000001	0.9666463136672974	0.9666463136672974	12.0	-3.614290952682495
64.797	0.966535747051239	0.966535747051239	12.0	-3.999997138977051
64.887	0.9664360880851746	0.9664360880851746	12.0	-3.5856266021728516
64.979	0.9663249850273132	0.9663249850273132	12.0	-3.999997138977051
65.072	0.9662285447120667	0.9662285447120667	12.0	-3.462714672088623
65.16600000000001	0.9661532044410706	0.9661532044410706	12.0	-2.7181313037872314
65.25800000000001	0.966074526309967	0.966074526309967	12.0	-2.833042621612549
65.35300000000001	0.965980589389801	0.965980589389801	12.0	-3.3816661834716797
65.44200000000001	0.965912938117981	0.965912938117981	12.0	-2.431285858154297
65.537	0.965844988822937	0.965844988822937	12.0	-2.4502193927764893
65.628	0.9657737612724304	0.9657737612724304	12.0	-2.5650203227996826
65.72	0.965704083442688	0.965704083442688	12.0	-2.5044500827789307
65.811	0.9656311869621277	0.9656311869621277	12.0	-2.630286931991577
65.89800000000001	0.9655663371086121	0.9655663371086121	12.0	-2.332594156265259
65.994	0.9655015468597412	0.9655015468597412	12.0	-2.332594156265259
66.086	0.965429961681366	0.965429961681366	12.0	-2.5770366191864014
66.178	0.9653664231300354	0.9653664231300354	12.0	-2.287365674972534
66.271	0.9653029441833496	0.9653029441833496	12.0	-2.287365674972534
66.36200000000001	0.9652376770973206	0.9652376770973206	12.0	-2.3456408977508545
66.455	0.9651569128036499	0.9651569128036499	12.0	-2.9107067584991455
66.546	0.9650853276252747	0.9650853276252747	12.0	-2.5770366191864014
66.63900000000001	0.9650300145149231	0.9650300145149231	12.0	-1.9901947975158691
66.73100000000001	0.9649583697319031	0.9649583697319031	12.0	-2.5770366191864014
66.82600000000001	0.964887797832489	0.964887797832489	12.0	-2.540107011795044
66.92	0.9648160934448242	0.9648160934448242	12.0	-2.5770366191864014
67.013	0.9647576212882996	0.9647576212882996	12.0	-2.111786365509033
67.107	0.9646806716918945	0.9646806716918945	12.0	-2.7675609588623047
67.202	0.9646186828613281	0.9646186828613281	12.0	-2.1881396770477295
67.293	0.9645519852638245	0.9645519852638245	12.0	-2.4520649909973145
67.387	0.9644943475723267	0.9644943475723267	12.0	-2.074583053588867
67.48100000000001	0.964413583278656	0.964413583278656	12.0	-2.9084997177124023
67.575	0.9643669724464417	0.9643669724464417	12.0	-1.6767407655715942
67.668	0.9643232822418213	0.9643232822418213	12.0	-1.5731474161148071
67.76	0.9642767310142517	0.9642767310142517	12.0	-1.6767407655715942
67.85300000000001	0.9642341732978821	0.9642341732978821	12.0	-1.5327167510986328
67.944	0.9641881585121155	0.9641881585121155	12.0	-1.6534724235534668
68.036	0.9641426801681519	0.9641426801681519	12.0	-1.634947419166565
68.12700000000001	0.9640936255455017	0.9640936255455017	12.0	-1.7684818506240845
68.221	0.9640347957611084	0.9640347957611084	12.0	-2.118037700653076
68.31400000000001	0.9639856815338135	0.9639856815338135	12.0	-1.7684818506240845
68.40400000000001	0.9639463424682617	0.9639463424682617	12.0	-1.418053388595581
68.498	0.9639052748680115	0.9639052748680115	12.0	-1.477452278137207
68.59	0.9638524055480957	0.9638524055480957	12.0	-1.9050976037979126
68.683	0.9638121128082275	0.9638121128082275	12.0	-1.4504749774932861
68.777	0.9637710452079773	0.9637710452079773	12.0	-1.477452278137207
68.87100000000001	0.9637181162834167	0.9637181162834167	12.0	-1.9050976037979126
68.96300000000001	0.9636903405189514	0.9636903405189514	12.0	-1.0
69.057	0.9636625647544861	0.9636625647544861	12.0	-1.0
69.149	0.9636109471321106	0.9636109471321106	12.0	-1.8598226308822632
69.239	0.9635831117630005	0.9635831117630005	12.0	-1.0
69.32900000000001	0.9635552763938904	0.9635552763938904	12.0	-1.0
69.423	0.9635275602340698	0.9635275602340698	12.0	-1.0
69.50800000000001	0.9634998440742493	0.9634998440742493	12.0	-1.0
69.598	0.9634720087051392	0.9634720087051392	12.0	-1.0
69.693	0.9634442329406738	0.9634442329406738	12.0	-1.0
69.78500000000001	0.9634164571762085	0.9634164571762085	12.0	-1.0
69.878	0.9633886814117432	0.9633886814117432	12.0	-1.0
69.97200000000001	0.9633609056472778	0.9633609056472778	12.0	-1.0
70.06400000000001	0.9633330702781677	0.9633330702781677	12.0	-1.0
70.156	0.9633053541183472	0.9633053541183472	12.0	-1.0
70.24900000000001	0.9632773399353027	0.9632773399353027	12.0	-1.0
70.339	0.9632497429847717	0.9632497429847717	12.0	-1.0
70.427	0.9632220268249512	0.9632220268249512	12.0	-1.0
70.516	0.9631941914558411	0.9631941914558411	12.0	-1.0
70.598	0.9631664752960205	0.9631664752960205	12.0	-1.0
70.688	0.9631386995315552	0.9631386995315552	12.0	-1.0
70.778	0.9631109237670898	0.9631109237670898	12.0	-1.0
70.866	0.9630831480026245	0.9630831480026245	12.0	-1.0
70.952	0.9630553722381592	0.9630553722381592	12.0	-1.0
71.049	0.9630275964736938	0.9630275964736938	12.0	-1.0
71.141	0.9629998207092285	0.9629998207092285	12.0	-1.0
71.233	0.9629719853401184	0.9629719853401184	12.0	-1.0
71.327	0.9629442095756531	0.9629442095756531	12.0	-1.0
71.417	0.9629164338111877	0.9629164338111877	12.0	-1.0
71.507	0.9628887176513672	0.9628887176513672	12.0	-1.0
71.59400000000001	0.9628609418869019	0.9628609418869019	12.0	-1.0
71.684	0.9628331661224365	0.9628331661224365	12.0	-1.0
71.77000000000001	0.9628053903579712	0.9628053903579712	12.0	-1.0
71.86500000000001	0.9627776145935059	0.9627776145935059	12.0	-1.0
71.955	0.962749719619751	0.962749719619751	12.0	-1.0
72.03800000000001	0.9627220034599304	0.9627220034599304	12.0	-1.0
72.12700000000001	0.9626942276954651	0.9626942276954651	12.0	-1.0
72.22	0.9626665115356445	0.9626665115356445	12.0	-1.0
72.312	0.9626386761665344	0.9626386761665344	12.0	-1.0
72.403	0.9626109004020691	0.9626109004020691	12.0	-1.0
72.498	0.9625831246376038	0.9625831246376038	12.0	-1.0
72.587	0.9625554084777832	0.9625554084777832	12.0	-1.0
72.682	0.9625275731086731	0.9625275731086731	12.0	-1.0
72.774	0.9624997973442078	0.9624997973442078	12.0	-1.0
72.864	0.9624720215797424	0.9624720215797424	12.0	-1.0
72.952	0.9624441862106323	0.9624441862106323	12.0	-1.0
73.043	0.9624164700508118	0.9624164700508118	12.0	-1.0
73.13600000000001	0.9623886942863464	0.9623886942863464	12.0	-1.0
73.233	0.9623609185218811	0.9623609185218811	12.0	-1.0
73.321	0.9623331427574158	0.9623331427574158	12.0	-1.0
73.41600000000001	0.9623053669929504	0.9623053669929504	12.0	-1.0
73.507	0.9622775912284851	0.9622775912284851	12.0	-1.0
73.599	0.9622498154640198	0.9622498154640198	12.0	-1.0
73.69200000000001	0.9622219800949097	0.9622219800949097	12.0	-1.0
73.781	0.9621942639350891	0.9621942639350891	12.0	-1.0
73.873	0.9621664881706238	0.9621664881706238	12.0	-1.0
73.96600000000001	0.9620969891548157	0.9620969891548157	12.0	-2.499990224838257
74.06	0.9620637893676758	0.9620637893676758	12.0	-1.1947810649871826
74.15400000000001	0.9619945287704468	0.9619945287704468	12.0	-2.499990701675415
74.245	0.9619249105453491	0.9619249105453491	12.0	-2.4999899864196777
74.336	0.9618555903434753	0.9618555903434753	12.0	-2.499990463256836
74.43	0.9617859125137329	0.9617859125137329	12.0	-2.499990940093994
74.518	0.9617167115211487	0.9617167115211487	12.0	-2.4999914169311523
74.61	0.9616472721099854	0.9616472721099854	12.0	-2.4999923706054688
74.70100000000001	0.9615777730941772	0.9615777730941772	12.0	-2.4999938011169434
74.792	0.9615083932876587	0.9615083932876587	12.0	-2.4999921321868896
74.885	0.9614389538764954	0.9614389538764954	12.0	-2.499987840652466
74.979	0.9613693952560425	0.9613693952560425	12.0	-2.4999938011169434
75.06700000000001	0.961315393447876	0.961315393447876	12.0	-1.9452192783355713
75.161	0.9612331986427307	0.9612331986427307	12.0	-2.9530751705169678
75.253	0.9611517786979675	0.9611517786979675	12.0	-2.9362170696258545
75.345	0.9610683917999268	0.9610683917999268	12.0	-3.0004167556762695
75.437	0.9609841108322144	0.9609841108322144	12.0	-3.0390992164611816
75.531	0.9609010219573975	0.9609010219573975	12.0	-2.985063314437866
75.625	0.9608168005943298	0.9608168005943298	12.0	-3.039100170135498
75.72	0.9607326984405518	0.9607326984405518	12.0	-3.0231852531433105
75.81200000000001	0.9606500864028931	0.9606500864028931	12.0	-2.9760046005249023
75.902	0.9605684280395508	0.9605684280395508	12.0	-2.9386966228485107
75.99300000000001	0.960488498210907	0.960488498210907	12.0	-2.8778486251831055
76.086	0.9604097604751587	0.9604097604751587	12.0	-2.8337905406951904
76.179	0.9603326916694641	0.9603326916694641	12.0	-2.774930715560913
76.268	0.9602505564689636	0.9602505564689636	12.0	-2.9576416015625
76.357	0.9601734280586243	0.9601734280586243	12.0	-2.774930715560913
76.44800000000001	0.9600965976715088	0.9600965976715088	12.0	-2.7626829147338867
76.54100000000001	0.9600251317024231	0.9600251317024231	12.0	-2.577188491821289
76.63300000000001	0.9599567651748657	0.9599567651748657	12.0	-2.462103843688965
76.726	0.9598835706710815	0.9598835706710815	12.0	-2.632565975189209
76.819	0.9598181843757629	0.9598181843757629	12.0	-2.3578734397888184
76.914	0.9597413539886475	0.9597413539886475	12.0	-2.7626829147338867
77.003	0.9596791863441467	0.9596791863441467	12.0	-2.237924814224243
77.093	0.959617018699646	0.959617018699646	12.0	-2.2384872436523438
77.186	0.959556519985199	0.959556519985199	12.0	-2.1794559955596924
77.27300000000001	0.9594976305961609	0.9594976305961609	12.0	-2.1202034950256348
77.36800000000001	0.9594353437423706	0.9594353437423706	12.0	-2.2384872436523438
77.46000000000001	0.9593813419342041	0.9593813419342041	12.0	-1.942419409751892
77.552	0.9593176245689392	0.9593176245689392	12.0	-2.2972934246063232
77.644	0.9592657089233398	0.9592657089233398	12.0	-1.8688569068908691
77.736	0.9592183828353882	0.9592183828353882	12.0	-1.7031394243240356
77.83	0.9591652154922485	0.9591652154922485	12.0	-1.9129359722137451
77.924	0.9591185450553894	0.9591185450553894	12.0	-1.6800929307937622
78.015	0.9590690732002258	0.9590690732002258	12.0	-1.7827450037002563
78.108	0.9590173363685608	0.9590173363685608	12.0	-1.8639545440673828
78.202	0.9589677453041077	0.9589677453041077	12.0	-1.7827450037002563
78.29	0.9589132070541382	0.9589132070541382	12.0	-1.9556916952133179
78.381	0.9588001370429993	0.9588001370429993	12.0	-4.093661785125732
78.474	0.9587518572807312	0.9587518572807312	12.0	-1.7361385822296143
78.56700000000001	0.9586400389671326	0.9586400389671326	12.0	-4.026134014129639
78.659	0.9585282206535339	0.9585282206535339	12.0	-4.026134490966797
78.751	0.9584169387817383	0.9584169387817383	12.0	-3.9999918937683105
78.843	0.9583060145378113	0.9583060145378113	12.0	-3.9999918937683105
78.93700000000001	0.9581947922706604	0.9581947922706604	12.0	-4.000019073486328
79.03	0.9580832719802856	0.9580832719802856	12.0	-4.017110347747803
79.122	0.9579720497131348	0.9579720497131348	12.0	-4.0038323402404785
79.214	0.9578608274459839	0.9578608274459839	12.0	-4.000284671783447
79.30600000000001	0.9577493071556091	0.9577493071556091	12.0	-4.016712188720703
79.399	0.9576377868652344	0.9576377868652344	12.0	-4.016712188720703
79.49300000000001	0.957526683807373	0.957526683807373	12.0	-4.000018119812012
79.586	0.9574151635169983	0.9574151635169983	12.0	-4.012427806854248
79.67500000000001	0.9573036432266235	0.9573036432266235	12.0	-4.01853609085083
79.768	0.9571923017501831	0.9571923017501831	12.0	-4.008674621582031
79.858	0.957081139087677	0.957081139087677	12.0	-4.0038323402404785
79.95	0.9569692611694336	0.9569692611694336	12.0	-4.017101764678955
80.04400000000001	0.9568576216697693	0.9568576216697693	12.0	-4.0185322761535645
80.138	0.9567463397979736	0.9567463397979736	12.0	-4.012932300567627
80.23	0.9566351771354675	0.9566351771354675	12.0	-4.0038323402404785
80.322	0.95652174949646	0.95652174949646	12.0	-3.999708652496338
80.405	0.9564128518104553	0.9564128518104553	12.0	-3.999932289123535
80.497	0.9563018679618835	0.9563018679618835	12.0	-3.999932289123535
80.58500000000001	0.9561907052993774	0.9561907052993774	12.0	-3.9999146461486816
80.67800000000001	0.9560794830322266	0.9560794830322266	12.0	-3.999720573425293
80.77300000000001	0.9559684991836548	0.9559684991836548	12.0	-3.9999914169311523
80.86500000000001	0.9558568596839905	0.9558568596839905	12.0	-3.9999921321868896
80.956	0.9557462334632874	0.9557462334632874	12.0	-3.9999918937683105
81.048	0.9556350708007812	0.9556350708007812	12.0	-3.9999918937683105
81.14	0.9555239677429199	0.9555239677429199	12.0	-3.9999923706054688
81.232	0.9554129242897034	0.9554129242897034	12.0	-3.9999935626983643
81.324	0.955301821231842	0.955301821231842	12.0	-3.999993324279785
81.41600000000001	0.9551907777786255	0.9551907777786255	12.0	-3.999993324279785
81.51	0.9550794959068298	0.9550794959068298	12.0	-3.9999654293060303
81.601	0.9549683332443237	0.9549683332443237	12.0	-3.9999654293060303
81.68900000000001	0.9548574090003967	0.9548574090003967	12.0	-3.9999730587005615
81.77900000000001	0.9547463059425354	0.9547463059425354	12.0	-3.9999730587005615
81.87	0.9546350836753845	0.9546350836753845	12.0	-3.999983310699463
81.956	0.9545239806175232	0.9545239806175232	12.0	-3.999986171722412
82.04700000000001	0.9544126987457275	0.9544126987457275	12.0	-3.999972343444824
82.137	0.954301655292511	0.954301655292511	12.0	-3.9999916553497314
82.23100000000001	0.954190731048584	0.954190731048584	12.0	-3.9999923706054688
82.31800000000001	0.9540894031524658	0.9540894031524658	12.0	-3.6460955142974854
82.406	0.953989565372467	0.953989565372467	12.0	-3.596465826034546
82.495	0.9538784623146057	0.9538784623146057	12.0	-3.9999918937683105
82.584	0.9537743330001831	0.9537743330001831	12.0	-3.7431256771087646
82.66900000000001	0.9536803364753723	0.9536803364753723	12.0	-3.387718677520752
82.762	0.9535802602767944	0.9535802602767944	12.0	-3.596465587615967
82.85000000000001	0.9534913301467896	0.9534913301467896	12.0	-3.207233428955078
82.94300000000001	0.9534032940864563	0.9534032940864563	12.0	-3.171869993209839
83.03	0.9533305764198303	0.9533305764198303	12.0	-2.6139345169067383
83.117	0.9532318711280823	0.9532318711280823	12.0	-3.55549955368042
83.209	0.9531744122505188	0.9531744122505188	12.0	-2.0674612522125244
83.302	0.9531119465827942	0.9531119465827942	12.0	-2.2499024868011475
83.393	0.9530651569366455	0.9530651569366455	12.0	-1.6813690662384033
83.486	0.9530173540115356	0.9530173540115356	12.0	-1.7092952728271484
83.57300000000001	0.9529287815093994	0.9529287815093994	12.0	-3.217593193054199
83.66600000000001	0.9528359174728394	0.9528359174728394	12.0	-3.3447020053863525
83.757	0.9527463316917419	0.9527463316917419	12.0	-3.217593193054199
83.84100000000001	0.9526601433753967	0.9526601433753967	12.0	-3.103480815887451
83.93100000000001	0.9525792002677917	0.9525792002677917	12.0	-2.9178378582000732
84.022	0.9524999260902405	0.9524999260902405	12.0	-2.8561525344848633
84.11500000000001	0.952468752861023	0.952468752861023	12.0	-1.120049238204956
84.202	0.9523892402648926	0.9523892402648926	12.0	-2.8561525344848633
84.29400000000001	0.9523088335990906	0.9523088335990906	12.0	-2.9015586376190186
84.388	0.9522576928138733	0.9522576928138733	12.0	-1.8417483568191528
84.48	0.9521781206130981	0.9521781206130981	12.0	-2.8561525344848633
84.57400000000001	0.9521397948265076	0.9521397948265076	12.0	-1.3841439485549927
84.668	0.9521082043647766	0.9521082043647766	12.0	-1.1370031833648682
84.76100000000001	0.9520614147186279	0.9520614147186279	12.0	-1.6863456964492798
84.852	0.9520010352134705	0.9520010352134705	12.0	-2.174316167831421
84.94600000000001	0.9519287347793579	0.9519287347793579	12.0	-2.602231740951538
85.036	0.9518563747406006	0.9518563747406006	12.0	-2.602231740951538
85.125	0.9518045783042908	0.9518045783042908	12.0	-1.8639709949493408
85.218	0.9517331719398499	0.9517331719398499	12.0	-2.5725533962249756
85.30900000000001	0.95168137550354	0.95168137550354	12.0	-1.8639709949493408
85.40100000000001	0.9516476988792419	0.9516476988792419	12.0	-1.213235855102539
85.492	0.9515814185142517	0.9515814185142517	12.0	-2.3849895000457764
85.583	0.9515407681465149	0.9515407681465149	12.0	-1.4642415046691895
85.668	0.9515082240104675	0.9515082240104675	12.0	-1.1705678701400757
85.76100000000001	0.951440691947937	0.951440691947937	12.0	-2.4308133125305176
85.85300000000001	0.9513764381408691	0.9513764381408691	12.0	-2.3079068660736084
85.93700000000001	0.9513315558433533	0.9513315558433533	12.0	-1.621153712272644
86.02900000000001	0.9512935280799866	0.9512935280799866	12.0	-1.365544080734253
86.125	0.9512603282928467	0.9512603282928467	12.0	-1.1957937479019165
86.218	0.951199471950531	0.951199471950531	12.0	-2.19376540184021
86.31	0.9511514902114868	0.9511514902114868	12.0	-1.7271661758422852
86.403	0.9511210918426514	0.9511210918426514	12.0	-1.0934392213821411
86.494	0.9510766267776489	0.9510766267776489	12.0	-1.6015281677246094
86.586	0.9510321021080017	0.9510321021080017	12.0	-1.6015281677246094
86.671	0.950986385345459	0.950986385345459	12.0	-1.6165730953216553
86.76400000000001	0.9509450793266296	0.9509450793266296	12.0	-1.5130889415740967
86.854	0.9508888721466064	0.9508888721466064	12.0	-2.026620388031006
86.94600000000001	0.9508325457572937	0.9508325457572937	12.0	-2.026620388031006
87.04	0.9507882595062256	0.9507882595062256	12.0	-1.5954217910766602
87.135	0.9507331848144531	0.9507331848144531	12.0	-1.9796295166015625
87.227	0.950700044631958	0.950700044631958	12.0	-1.1953916549682617
87.31500000000001	0.9506683945655823	0.9506683945655823	12.0	-1.140474796295166
87.408	0.950635552406311	0.950635552406311	12.0	-1.181186556816101
87.497	0.9505918622016907	0.9505918622016907	12.0	-1.5686836242675781
87.586	0.9505422115325928	0.9505422115325928	12.0	-1.785373568534851
87.67500000000001	0.9504953026771545	0.9504953026771545	12.0	-1.6909757852554321
87.77000000000001	0.950455904006958	0.950455904006958	12.0	-1.419040560722351
87.863	0.9504023790359497	0.9504023790359497	12.0	-1.9300743341445923
87.956	0.9503694772720337	0.9503694772720337	12.0	-1.181186556816101
88.045	0.9503245949745178	0.9503245949745178	12.0	-1.6208142042160034
88.13600000000001	0.9502730369567871	0.9502730369567871	12.0	-1.853468894958496
88.227	0.9502332210540771	0.9502332210540771	12.0	-1.433905839920044
88.319	0.9501847624778748	0.9501847624778748	12.0	-1.7452746629714966
88.41300000000001	0.9501364231109619	0.9501364231109619	12.0	-1.7389718294143677
88.504	0.950093150138855	0.950093150138855	12.0	-1.4899109601974487
88.59100000000001	0.9500637650489807	0.9500637650489807	12.0	-1.1105365753173828
88.688	0.9500155448913574	0.9500155448913574	12.0	-1.7335457801818848
88.784	0.9499877691268921	0.9499877691268921	12.0	-1.0
88.872	0.9499382376670837	0.9499382376670837	12.0	-1.7793926000595093
88.965	0.9499101638793945	0.9499101638793945	12.0	-1.0
89.054	0.9498694539070129	0.9498694539070129	12.0	-1.4829453229904175
89.147	0.9498416781425476	0.9498416781425476	12.0	-1.0
89.23700000000001	0.9497935771942139	0.9497935771942139	12.0	-1.7335457801818848
89.33200000000001	0.9497657418251038	0.9497657418251038	12.0	-1.0
89.423	0.9497379660606384	0.9497379660606384	12.0	-1.0
89.516	0.9496968388557434	0.9496968388557434	12.0	-1.4829453229904175
89.602	0.9496690630912781	0.9496690630912781	12.0	-1.0
89.69200000000001	0.949641227722168	0.949641227722168	12.0	-1.0
89.786	0.9496135115623474	0.9496135115623474	12.0	-1.0
89.878	0.9495857357978821	0.9495857357978821	12.0	-1.0
89.973	0.9495579600334167	0.9495579600334167	12.0	-1.0
90.06500000000001	0.9495301246643066	0.9495301246643066	12.0	-1.0
90.159	0.9495024085044861	0.9495024085044861	12.0	-1.0
90.251	0.9494746327400208	0.9494746327400208	12.0	-1.0
90.346	0.9494468569755554	0.9494468569755554	12.0	-1.0
90.44000000000001	0.9494190216064453	0.9494190216064453	12.0	-1.0
90.533	0.9493913054466248	0.9493913054466248	12.0	-1.0
90.62700000000001	0.9493634700775146	0.9493634700775146	12.0	-1.0
90.72	0.9493356943130493	0.9493356943130493	12.0	-1.0
90.811	0.949307918548584	0.949307918548584	12.0	-1.0
90.905	0.9492801427841187	0.9492801427841187	12.0	-1.0
90.998	0.9492523670196533	0.9492523670196533	12.0	-1.0
91.09100000000001	0.949224591255188	0.949224591255188	12.0	-1.0
91.186	0.9491968154907227	0.9491968154907227	12.0	-1.0
91.277	0.9491690397262573	0.9491690397262573	12.0	-1.0
91.373	0.949141263961792	0.949141263961792	12.0	-1.0
91.465	0.9491135478019714	0.9491135478019714	12.0	-1.0
91.558	0.9490857124328613	0.9490857124328613	12.0	-1.0
91.653	0.949057936668396	0.949057936668396	12.0	-1.0
91.74900000000001	0.9490301609039307	0.9490301609039307	12.0	-1.0
91.84100000000001	0.9490023851394653	0.9490023851394653	12.0	-1.0
91.935	0.948974609375	0.948974609375	12.0	-1.0
92.028	0.9489468336105347	0.9489468336105347	12.0	-1.0
92.12100000000001	0.9489190578460693	0.9489190578460693	12.0	-1.0
92.21300000000001	0.948891282081604	0.948891282081604	12.0	-1.0
92.30600000000001	0.9488635063171387	0.9488635063171387	12.0	-1.0
92.399	0.9488357305526733	0.9488357305526733	12.0	-1.0
92.491	0.948807954788208	0.948807954788208	12.0	-1.0
92.58300000000001	0.9487801194190979	0.9487801194190979	12.0	-1.0
92.676	0.9487524032592773	0.9487524032592773	12.0	-1.0
92.77000000000001	0.9487245678901672	0.9487245678901672	12.0	-1.0
92.86	0.9486967921257019	0.9486967921257019	12.0	-1.0
92.953	0.9486690759658813	0.9486690759658813	12.0	-1.0
93.045	0.9486412405967712	0.9486412405967712	12.0	-1.0
93.138	0.9486135244369507	0.9486135244369507	12.0	-1.0
93.23	0.9485856890678406	0.9485856890678406	12.0	-1.0
93.32100000000001	0.9485579133033752	0.9485579133033752	12.0	-1.0
93.412	0.9485301971435547	0.9485301971435547	12.0	-1.0
93.50200000000001	0.9485024213790894	0.9485024213790894	12.0	-1.0
93.596	0.948432981967926	0.948432981967926	12.0	-2.4999914169311523
93.688	0.9483635425567627	0.9483635425567627	12.0	-2.4999914169311523
93.78	0.9482941031455994	0.9482941031455994	12.0	-2.4999911785125732
93.87	0.9482245445251465	0.9482245445251465	12.0	-2.4999911785125732
93.96000000000001	0.9481551051139832	0.9481551051139832	12.0	-2.4999911785125732
94.05300000000001	0.9480857253074646	0.9480857253074646	12.0	-2.4999911785125732
94.143	0.9480161666870117	0.9480161666870117	12.0	-2.4999923706054688
94.23100000000001	0.9479469060897827	0.9479469060897827	12.0	-2.4999911785125732
94.325	0.9478773474693298	0.9478773474693298	12.0	-2.499990701675415
94.418	0.9478079676628113	0.9478079676628113	12.0	-2.499990701675415
94.51	0.9477384090423584	0.9477384090423584	12.0	-2.499990701675415
94.60000000000001	0.947699248790741	0.947699248790741	12.0	-1.4116367101669312
94.68900000000001	0.9476401209831238	0.9476401209831238	12.0	-2.127521514892578
94.781	0.9475706219673157	0.9475706219673157	12.0	-2.4999911785125732
94.867	0.9475173354148865	0.9475173354148865	12.0	-1.9202022552490234
94.96000000000001	0.9474896192550659	0.9474896192550659	12.0	-1.0
95.051	0.9474350214004517	0.9474350214004517	12.0	-1.9644771814346313
95.14200000000001	0.9473859667778015	0.9473859667778015	12.0	-1.7632838487625122
95.233	0.9473373889923096	0.9473373889923096	12.0	-1.7497297525405884
95.32600000000001	0.9472877979278564	0.9472877979278564	12.0	-1.7846742868423462
95.41900000000001	0.9472411870956421	0.9472411870956421	12.0	-1.6797568798065186
95.507	0.9471909403800964	0.9471909403800964	12.0	-1.807932734489441
95.599	0.9471406936645508	0.9471406936645508	12.0	-1.807932734489441
95.685	0.9470853805541992	0.9470853805541992	12.0	-1.9915152788162231
95.774	0.9470279216766357	0.9470279216766357	12.0	-2.0693986415863037
95.86200000000001	0.9469694495201111	0.9469694495201111	12.0	-2.1020967960357666
95.95200000000001	0.946914553642273	0.946914553642273	12.0	-1.9802347421646118
96.042	0.9468539953231812	0.9468539953231812	12.0	-2.1764118671417236
96.131	0.9467930793762207	0.9467930793762207	12.0	-2.197058916091919
96.223	0.9467319846153259	0.9467319846153259	12.0	-2.197058916091919
96.313	0.9466701149940491	0.9466701149940491	12.0	-2.227473735809326
96.40100000000001	0.9466053247451782	0.9466053247451782	12.0	-2.332294464111328
96.491	0.9465416073799133	0.9465416073799133	12.0	-2.2955141067504883
96.58000000000001	0.9464805126190186	0.9464805126190186	12.0	-2.197058916091919
96.67200000000001	0.9464133977890015	0.9464133977890015	12.0	-2.4162347316741943
96.763	0.9463353157043457	0.9463353157043457	12.0	-2.814268112182617
96.854	0.9462554454803467	0.9462554454803467	12.0	-2.8758833408355713
96.94500000000001	0.946190357208252	0.946190357208252	12.0	-2.3232555389404297
97.028	0.9461106657981873	0.9461106657981873	12.0	-2.8855390548706055
97.12400000000001	0.9460296034812927	0.9460296034812927	12.0	-2.922384738922119
97.21300000000001	0.9459484219551086	0.9459484219551086	12.0	-2.925023317337036
97.30600000000001	0.9458665251731873	0.9458665251731873	12.0	-2.9482061862945557
97.39800000000001	0.9457581043243408	0.9457581043243408	12.0	-3.898070812225342
97.485	0.9456495046615601	0.9456495046615601	12.0	-3.9080052375793457
97.57600000000001	0.9455668330192566	0.9455668330192566	12.0	-2.980503797531128
97.665	0.9454585313796997	0.9454585313796997	12.0	-3.902078151702881
97.75200000000001	0.9453501105308533	0.9453501105308533	12.0	-3.8971140384674072
97.83900000000001	0.9452430605888367	0.9452430605888367	12.0	-3.857210874557495
97.93100000000001	0.9451346397399902	0.9451346397399902	12.0	-3.9026365280151367
98.02000000000001	0.9450275897979736	0.9450275897979736	12.0	-3.8402345180511475
98.105	0.944919764995575	0.944919764995575	12.0	-3.894190788269043
98.19500000000001	0.944811224937439	0.944811224937439	12.0	-3.9026365280151367
98.287	0.9447068572044373	0.9447068572044373	12.0	-3.764185905456543
98.373	0.9446031451225281	0.9446031451225281	12.0	-3.73423433303833
98.46300000000001	0.9444966912269592	0.9444966912269592	12.0	-3.832134246826172
98.55300000000001	0.9443899989128113	0.9443899989128113	12.0	-3.832134246826172
98.64500000000001	0.9442867040634155	0.9442867040634155	12.0	-3.7249057292938232
98.733	0.9441802501678467	0.9441802501678467	12.0	-3.832134246826172
98.82400000000001	0.9440737366676331	0.9440737366676331	12.0	-3.832134246826172
98.914	0.9439702033996582	0.9439702033996582	12.0	-3.7257003784179688
99.00500000000001	0.9438528418540955	0.9438528418540955	12.0	-4.228694915771484
99.09500000000001	0.9437321424484253	0.9437321424484253	12.0	-4.348034858703613
99.183	0.943612813949585	0.943612813949585	12.0	-4.29877233505249
99.277	0.9434913992881775	0.9434913992881775	12.0	-4.3669304847717285
99.369	0.9433699250221252	0.9433699250221252	12.0	-4.369879722595215
99.46400000000001	0.9432505965232849	0.9432505965232849	12.0	-4.29877233505249
99.55300000000001	0.9431461691856384	0.9431461691856384	12.0	-3.7527167797088623
99.64200000000001	0.9430267810821533	0.9430267810821533	12.0	-4.29877233505249
99.73	0.9429076910018921	0.9429076910018921	12.0	-4.29517126083374
99.82000000000001	0.9427886009216309	0.9427886009216309	12.0	-4.289260387420654
99.91300000000001	0.9426863193511963	0.9426863193511963	12.0	-3.682636260986328
99.99900000000001	0.9425819516181946	0.9425819516181946	12.0	-3.7510015964508057
100.08900000000001	0.9424763917922974	0.9424763917922974	12.0	-3.803811550140381
100.18100000000001	0.9423691034317017	0.9423691034317017	12.0	-3.862635374069214
100.27000000000001	0.9422639012336731	0.9422639012336731	12.0	-3.7878634929656982
100.358	0.942158043384552	0.942158043384552	12.0	-3.8096764087677
100.45	0.9420527219772339	0.9420527219772339	12.0	-3.7878031730651855
100.54	0.9419453144073486	0.9419453144073486	12.0	-3.8614094257354736
100.631	0.9418396949768066	0.9418396949768066	12.0	-3.808907985687256
100.72500000000001	0.9417352080345154	0.9417352080345154	12.0	-3.7599434852600098
100.81400000000001	0.9416278600692749	0.9416278600692749	12.0	-3.871326208114624
100.90400000000001	0.9415234327316284	0.9415234327316284	12.0	-3.756774425506592
100.995	0.9414188265800476	0.9414188265800476	12.0	-3.760150194168091
101.08500000000001	0.9413138031959534	0.9413138031959534	12.0	-3.7837419509887695
101.17200000000001	0.9412093758583069	0.9412093758583069	12.0	-3.763434886932373
101.26400000000001	0.9410902857780457	0.9410902857780457	12.0	-4.286900520324707
101.35400000000001	0.9409869909286499	0.9409869909286499	12.0	-3.7205734252929688
101.44000000000001	0.9408801198005676	0.9408801198005676	12.0	-3.8444271087646484
101.533	0.940776526927948	0.940776526927948	12.0	-3.7216532230377197
101.622	0.9406700134277344	0.9406700134277344	12.0	-3.8431904315948486
101.71300000000001	0.9405664205551147	0.9405664205551147	12.0	-3.7216532230377197
101.80000000000001	0.9404635429382324	0.9404635429382324	12.0	-3.705080986022949
101.894	0.9403424859046936	0.9403424859046936	12.0	-4.358397483825684
101.988	0.9402377605438232	0.9402377605438232	12.0	-3.718629837036133
102.07700000000001	0.9401361346244812	0.9401361346244812	12.0	-3.7167656421661377
102.167	0.9400193095207214	0.9400193095207214	12.0	-4.194139003753662
102.256	0.9399168491363525	0.9399168491363525	12.0	-3.6969573497772217
102.34800000000001	0.9398142099380493	0.9398142099380493	12.0	-3.6910526752471924
102.438	0.9397116899490356	0.9397116899490356	12.0	-3.692037582397461
102.528	0.9396089315414429	0.9396089315414429	12.0	-3.699549436569214
102.619	0.9394908547401428	0.9394908547401428	12.0	-4.248444080352783
102.71300000000001	0.9393755197525024	0.9393755197525024	12.0	-4.159975528717041
102.807	0.9392733573913574	0.9392733573913574	12.0	-3.662032127380371
102.899	0.939172089099884	0.939172089099884	12.0	-3.659836530685425
102.99000000000001	0.9390706419944763	0.9390706419944763	12.0	-3.6529736518859863
103.078	0.9389522671699524	0.9389522671699524	12.0	-4.25933837890625
103.16900000000001	0.9388529658317566	0.9388529658317566	12.0	-3.573702573776245
103.25800000000001	0.9387515783309937	0.9387515783309937	12.0	-3.6413047313690186
103.349	0.9386577606201172	0.9386577606201172	12.0	-3.380388021469116
103.44200000000001	0.9385548233985901	0.9385548233985901	12.0	-3.7056498527526855
103.53200000000001	0.9384627938270569	0.9384627938270569	12.0	-3.3216183185577393
103.625	0.9383496642112732	0.9383496642112732	12.0	-4.0722784996032715
103.72000000000001	0.9382615685462952	0.9382615685462952	12.0	-3.1696808338165283
103.80900000000001	0.9381522536277771	0.9381522536277771	12.0	-3.929009199142456
103.902	0.9380434155464172	0.9380434155464172	12.0	-3.918874502182007
103.99600000000001	0.9379665851593018	0.9379665851593018	12.0	-2.770256757736206
104.087	0.937872588634491	0.937872588634491	12.0	-3.384300708770752
104.183	0.9377635717391968	0.9377635717391968	12.0	-3.918874502182007
104.266	0.9376710653305054	0.9376710653305054	12.0	-3.3363609313964844
104.35700000000001	0.9375760555267334	0.9375760555267334	12.0	-3.4177098274230957
104.447	0.9374803304672241	0.9374803304672241	12.0	-3.445094585418701
104.53800000000001	0.9374113082885742	0.9374113082885742	12.0	-2.487008810043335
104.63000000000001	0.9373422265052795	0.9373422265052795	12.0	-2.486454725265503
104.72300000000001	0.9372731447219849	0.9372731447219849	12.0	-2.486241102218628
104.81500000000001	0.9372080564498901	0.9372080564498901	12.0	-2.335125207901001
104.90700000000001	0.9371313452720642	0.9371313452720642	12.0	-2.7716031074523926
104.99900000000001	0.937070906162262	0.937070906162262	12.0	-2.17091965675354
105.09200000000001	0.9370118975639343	0.9370118975639343	12.0	-2.1280815601348877
105.182	0.9369542002677917	0.9369542002677917	12.0	-2.075793504714966
105.27000000000001	0.9368982911109924	0.9368982911109924	12.0	-2.013596296310425
105.361	0.9368163347244263	0.9368163347244263	12.0	-2.9540021419525146
105.45200000000001	0.9367560148239136	0.9367560148239136	12.0	-2.17091965675354
105.54400000000001	0.9367016553878784	0.9367016553878784	12.0	-1.9571865797042847
105.632	0.9366452693939209	0.9366452693939209	12.0	-2.029414653778076
105.721	0.9365941286087036	0.9365941286087036	12.0	-1.8412196636199951
105.808	0.9365377426147461	0.9365377426147461	12.0	-2.029414653778076
105.899	0.9364556670188904	0.9364556670188904	12.0	-2.9540021419525146
105.99000000000001	0.9364001750946045	0.9364001750946045	12.0	-1.9977223873138428
106.08300000000001	0.936336100101471	0.936336100101471	12.0	-2.3064160346984863
106.177	0.9362859129905701	0.9362859129905701	12.0	-1.8065685033798218
106.266	0.9362218976020813	0.9362218976020813	12.0	-2.3064160346984863
106.35400000000001	0.9361761212348938	0.9361761212348938	12.0	-1.6445285081863403
106.44600000000001	0.936130702495575	0.936130702495575	12.0	-1.6400632858276367
106.537	0.936083197593689	0.936083197593689	12.0	-1.7072912454605103
106.629	0.9360276460647583	0.9360276460647583	12.0	-1.9996800422668457
106.72000000000001	0.9359824061393738	0.9359824061393738	12.0	-1.6311115026474
106.81200000000001	0.9359374046325684	0.9359374046325684	12.0	-1.6169507503509521
106.90400000000001	0.9358697533607483	0.9358697533607483	12.0	-2.4380338191986084
106.994	0.9358049035072327	0.9358049035072327	12.0	-2.3303332328796387
107.08800000000001	0.9357645511627197	0.9357645511627197	12.0	-1.4517709016799927
107.182	0.9357236623764038	0.9357236623764038	12.0	-1.4757797718048096
107.27300000000001	0.9356558918952942	0.9356558918952942	12.0	-2.4380338191986084
107.36800000000001	0.9355844855308533	0.9355844855308533	12.0	-2.5708107948303223
107.45700000000001	0.9355131387710571	0.9355131387710571	12.0	-2.5708107948303223
107.55000000000001	0.9354453682899475	0.9354453682899475	12.0	-2.4380338191986084
107.643	0.9354003071784973	0.9354003071784973	12.0	-1.622817873954773
107.73200000000001	0.9353618025779724	0.9353618025779724	12.0	-1.3824509382247925
107.82600000000001	0.935322105884552	0.935322105884552	12.0	-1.4316976070404053
107.91600000000001	0.9352943301200867	0.9352943301200867	12.0	-1.0000001192092896
108.007	0.9352665543556213	0.9352665543556213	12.0	-1.0
108.09700000000001	0.935238778591156	0.935238778591156	12.0	-1.0
108.19000000000001	0.9351863861083984	0.9351863861083984	12.0	-1.8868681192398071
108.28200000000001	0.9351585507392883	0.9351585507392883	12.0	-1.0
108.37100000000001	0.9351308345794678	0.9351308345794678	12.0	-1.0
108.46400000000001	0.9350783824920654	0.9350783824920654	12.0	-1.8868681192398071
108.557	0.9350506067276001	0.9350506067276001	12.0	-1.0
108.64800000000001	0.9350225925445557	0.9350225925445557	12.0	-1.0
108.742	0.9349949955940247	0.9349949955940247	12.0	-1.0
108.83000000000001	0.9349672794342041	0.9349672794342041	12.0	-1.0
108.923	0.9349395036697388	0.9349395036697388	12.0	-1.0
109.015	0.9349117279052734	0.9349117279052734	12.0	-1.0
109.10000000000001	0.9348839521408081	0.9348839521408081	12.0	-1.0
109.194	0.934856116771698	0.934856116771698	12.0	-1.0
109.286	0.9348283410072327	0.9348283410072327	12.0	-1.0
109.379	0.9348005652427673	0.9348005652427673	12.0	-1.0
109.46900000000001	0.9347728490829468	0.9347728490829468	12.0	-1.0
109.563	0.9347450137138367	0.9347450137138367	12.0	-1.0
109.65400000000001	0.9347172379493713	0.9347172379493713	12.0	-1.0
109.747	0.934689462184906	0.934689462184906	12.0	-1.0
109.83500000000001	0.9346616864204407	0.9346616864204407	12.0	-1.0
109.93100000000001	0.9346339106559753	0.9346339106559753	12.0	-1.0
110.019	0.93460613489151	0.93460613489151	12.0	-1.0
110.10700000000001	0.9345784187316895	0.9345784187316895	12.0	-1.0
110.19800000000001	0.9345505833625793	0.9345505833625793	12.0	-1.0
110.29	0.934522807598114	0.934522807598114	12.0	-1.0
110.38300000000001	0.9344949126243591	0.9344949126243591	12.0	-1.0
110.47300000000001	0.9344672560691833	0.9344672560691833	12.0	-1.0
110.563	0.934439480304718	0.934439480304718	12.0	-1.0
110.653	0.9344117045402527	0.9344117045402527	12.0	-1.0
110.74400000000001	0.9343839287757874	0.9343839287757874	12.0	-1.0
110.83300000000001	0.934356153011322	0.934356153011322	12.0	-1.0
110.92200000000001	0.9343283176422119	0.9343283176422119	12.0	-1.0
111.01400000000001	0.9343006014823914	0.9343006014823914	12.0	-1.0
111.102	0.9342727065086365	0.9342727065086365	12.0	-1.0
111.194	0.9342450499534607	0.9342450499534607	12.0	-1.0
111.286	0.9342172741889954	0.9342172741889954	12.0	-1.0
111.37400000000001	0.93418949842453	0.93418949842453	12.0	-1.0
111.465	0.9341617226600647	0.9341617226600647	12.0	-1.0
111.55600000000001	0.9341339468955994	0.9341339468955994	12.0	-1.0
111.649	0.9341061115264893	0.9341061115264893	12.0	-1.0
111.742	0.9340783357620239	0.9340783357620239	12.0	-1.0
111.834	0.9340505599975586	0.9340505599975586	12.0	-1.0
111.924	0.9340227842330933	0.9340227842330933	12.0	-1.0
112.009	0.9339950680732727	0.9339950680732727	12.0	-1.0
112.09800000000001	0.9339672327041626	0.9339672327041626	12.0	-1.0
112.19200000000001	0.933939516544342	0.933939516544342	12.0	-1.0
112.277	0.9339116811752319	0.9339116811752319	12.0	-1.0
112.37100000000001	0.9338839054107666	0.9338839054107666	12.0	-1.0
112.45400000000001	0.9338561296463013	0.9338561296463013	12.0	-1.0
112.54700000000001	0.9338283538818359	0.9338283538818359	12.0	-1.0
112.637	0.9338005185127258	0.9338005185127258	12.0	-1.0
112.72200000000001	0.9337728023529053	0.9337728023529053	12.0	-1.0
112.81200000000001	0.9337413311004639	0.9337413311004639	12.0	-1.1336473226547241
112.902	0.9336718320846558	0.9336718320846558	12.0	-2.499988317489624
112.99000000000001	0.9336441159248352	0.9336441159248352	12.0	-1.0
113.07900000000001	0.9335746765136719	0.9335746765136719	12.0	-2.499988555908203
113.16900000000001	0.9335052371025085	0.9335052371025085	12.0	-2.499988555908203
113.26100000000001	0.9334774017333984	0.9334774017333984	12.0	-1.0
113.35100000000001	0.9334496855735779	0.9334496855735779	12.0	-1.0
113.44200000000001	0.9333801865577698	0.9333801865577698	12.0	-2.499988555908203
113.536	0.9333105683326721	0.9333105683326721	12.0	-2.4999887943267822
113.62700000000001	0.9332412481307983	0.9332412481307983	12.0	-2.499988555908203
113.71900000000001	0.9331718683242798	0.9331718683242798	12.0	-2.4999887943267822
113.807	0.9331023693084717	0.9331023693084717	12.0	-2.499988555908203
113.899	0.9330329895019531	0.9330329895019531	12.0	-2.4999887943267822
113.98700000000001	0.9329634308815002	0.9329634308815002	12.0	-2.499988555908203
114.07900000000001	0.9329322576522827	0.9329322576522827	12.0	-1.1260061264038086
114.17	0.9328604340553284	0.9328604340553284	12.0	-2.579362630844116
114.26100000000001	0.9327887892723083	0.9327887892723083	12.0	-2.583097219467163
114.352	0.9327170252799988	0.9327170252799988	12.0	-2.5836925506591797
114.444	0.9326453804969788	0.9326453804969788	12.0	-2.5780155658721924
114.536	0.9325737953186035	0.9325737953186035	12.0	-2.576728105545044
114.62700000000001	0.932502269744873	0.932502269744873	12.0	-2.577549934387207
114.71900000000001	0.9324307441711426	0.9324307441711426	12.0	-2.570401430130005
114.811	0.9323592782020569	0.9323592782020569	12.0	-2.574118137359619
114.9	0.9322880506515503	0.9322880506515503	12.0	-2.5650205612182617
114.99100000000001	0.9322168827056885	0.9322168827056885	12.0	-2.5616214275360107
115.08500000000001	0.9321469068527222	0.9321469068527222	12.0	-2.5217905044555664
115.176	0.9320781826972961	0.9320781826972961	12.0	-2.468656301498413
115.268	0.9320076107978821	0.9320076107978821	12.0	-2.541928291320801
115.36200000000001	0.9319421052932739	0.9319421052932739	12.0	-2.3582448959350586
115.44800000000001	0.9318771362304688	0.9318771362304688	12.0	-2.332448720932007
115.53800000000001	0.9318118691444397	0.9318118691444397	12.0	-2.3582448959350586
115.63000000000001	0.9317707419395447	0.9317707419395447	12.0	-1.4804705381393433
115.72300000000001	0.9316346645355225	0.9316346645355225	12.0	-4.8982696533203125
115.81500000000001	0.9315178990364075	0.9315178990364075	12.0	-4.208347797393799
115.90700000000001	0.93138188123703	0.93138188123703	12.0	-4.8982696533203125
115.998	0.9312700033187866	0.9312700033187866	12.0	-4.030003547668457
116.084	0.931158721446991	0.931158721446991	12.0	-4.003898620605469
116.17800000000001	0.9310433268547058	0.9310433268547058	12.0	-4.1556172370910645
116.268	0.9309281706809998	0.9309281706809998	12.0	-4.145288467407227
116.35700000000001	0.9308130145072937	0.9308130145072937	12.0	-4.1418070793151855
116.45	0.9306976795196533	0.9306976795196533	12.0	-4.148852825164795
116.542	0.930583655834198	0.930583655834198	12.0	-4.112143039703369
116.63300000000001	0.9304689764976501	0.9304689764976501	12.0	-4.129014492034912
116.72800000000001	0.9303558468818665	0.9303558468818665	12.0	-4.066797733306885
116.822	0.9302419424057007	0.9302419424057007	12.0	-4.099146842956543
116.914	0.9301280379295349	0.9301280379295349	12.0	-4.105639457702637
117.00300000000001	0.9300150871276855	0.9300150871276855	12.0	-4.057260990142822
117.09500000000001	0.9299004673957825	0.9299004673957825	12.0	-4.129014492034912
117.18900000000001	0.929785966873169	0.929785966873169	12.0	-4.127044677734375
117.277	0.9296733140945435	0.9296733140945435	12.0	-4.0575127601623535
117.367	0.9295601844787598	0.9295601844787598	12.0	-4.070117950439453
117.45500000000001	0.9294482469558716	0.9294482469558716	12.0	-4.026938438415527
117.548	0.9293363690376282	0.9293363690376282	12.0	-4.030645370483398
117.637	0.9292244911193848	0.9292244911193848	12.0	-4.027913570404053
117.72900000000001	0.9291125535964966	0.9291125535964966	12.0	-4.030932426452637
117.82100000000001	0.9289984107017517	0.9289984107017517	12.0	-4.105639457702637
117.914	0.9288854598999023	0.9288854598999023	12.0	-4.070117950439453
118.004	0.9287731647491455	0.9287731647491455	12.0	-4.030645370483398
118.09500000000001	0.9286618232727051	0.9286618232727051	12.0	-4.01441764831543
118.18700000000001	0.9285502433776855	0.9285502433776855	12.0	-4.022157192230225
118.277	0.928438127040863	0.928438127040863	12.0	-4.029119491577148
118.37100000000001	0.928327202796936	0.928327202796936	12.0	-3.999985933303833
118.46000000000001	0.9282160401344299	0.9282160401344299	12.0	-3.999985933303833
118.552	0.9281048774719238	0.9281048774719238	12.0	-3.999270439147949
118.643	0.927993655204773	0.927993655204773	12.0	-3.9998717308044434
118.73500000000001	0.9278819561004639	0.9278819561004639	12.0	-4.022159099578857
118.82300000000001	0.9277710318565369	0.9277710318565369	12.0	-3.9994688034057617
118.915	0.9276598691940308	0.9276598691940308	12.0	-4.0001678466796875
119.00500000000001	0.9275488257408142	0.9275488257408142	12.0	-4.0001678466796875
119.09800000000001	0.9274370074272156	0.9274370074272156	12.0	-4.000157356262207
119.18700000000001	0.9273266792297363	0.9273266792297363	12.0	-4.000168800354004
119.277	0.9272153973579407	0.9272153973579407	12.0	-4.000184535980225
119.36900000000001	0.9271044135093689	0.9271044135093689	12.0	-4.0001068115234375
119.453	0.9269932508468628	0.9269932508468628	12.0	-4.000164985656738
119.54400000000001	0.9268820881843567	0.9268820881843567	12.0	-3.999973773956299
119.63400000000001	0.9267708659172058	0.9267708659172058	12.0	-3.9999876022338867
119.72600000000001	0.9266600012779236	0.9266600012779236	12.0	-3.9998998641967773
119.81800000000001	0.9265487790107727	0.9265487790107727	12.0	-3.9998998641967773
119.91000000000001	0.9264375567436218	0.9264375567436218	12.0	-3.999918222427368
119.99900000000001	0.9263264536857605	0.9263264536857605	12.0	-3.999981641769409
120.09	0.9262154698371887	0.9262154698371887	12.0	-3.9999101161956787
120.18400000000001	0.9261044263839722	0.9261044263839722	12.0	-3.9999101161956787
120.275	0.9259933233261108	0.9259933233261108	12.0	-3.999958038330078
120.36800000000001	0.9258822202682495	0.9258822202682495	12.0	-3.9999337196350098
120.46000000000001	0.9257711172103882	0.9257711172103882	12.0	-3.999969005584717
120.55300000000001	0.9256598353385925	0.9256598353385925	12.0	-3.9999237060546875
120.646	0.9255496859550476	0.9255496859550476	12.0	-3.965165615081787
120.73400000000001	0.925438642501831	0.925438642501831	12.0	-3.999958038330078
120.82700000000001	0.925337553024292	0.925337553024292	12.0	-3.635911226272583
120.92	0.9252367615699768	0.9252367615699768	12.0	-3.635911226272583
121.01100000000001	0.9251263737678528	0.9251263737678528	12.0	-3.965165615081787
121.099	0.9250267744064331	0.9250267744064331	12.0	-3.5896060466766357
121.185	0.9249288439750671	0.9249288439750671	12.0	-3.5251717567443848
121.277	0.9248269200325012	0.9248269200325012	12.0	-3.670872211456299
121.373	0.9247438907623291	0.9247438907623291	12.0	-2.9466826915740967
121.462	0.9246647357940674	0.9246647357940674	12.0	-2.8915083408355713
121.555	0.9245896339416504	0.9245896339416504	12.0	-2.700424909591675
121.646	0.9245104193687439	0.9245104193687439	12.0	-2.8554184436798096
121.73400000000001	0.9244335293769836	0.9244335293769836	12.0	-2.7652509212493896
121.82300000000001	0.9243501424789429	0.9243501424789429	12.0	-3.0040907859802246
121.918	0.9242812991142273	0.9242812991142273	12.0	-2.478872299194336
122.013	0.9241855144500732	0.9241855144500732	12.0	-3.447760820388794
122.105	0.924095630645752	0.924095630645752	12.0	-3.2342212200164795
122.197	0.9240244030952454	0.9240244030952454	12.0	-2.565983772277832
122.289	0.9239530563354492	0.9239530563354492	12.0	-2.565983772277832
122.382	0.923892617225647	0.923892617225647	12.0	-2.178553581237793
122.471	0.9238353371620178	0.9238353371620178	12.0	-2.0612194538116455
122.558	0.9237664937973022	0.9237664937973022	12.0	-2.478872299194336
122.652	0.9236976504325867	0.9236976504325867	12.0	-2.478872299194336
122.74300000000001	0.923642635345459	0.923642635345459	12.0	-1.9792996644973755
122.83500000000001	0.9235621094703674	0.9235621094703674	12.0	-2.8990590572357178
122.929	0.9234815835952759	0.9234815835952759	12.0	-2.902419090270996
123.022	0.9233961701393127	0.9233961701393127	12.0	-3.0678882598876953
123.117	0.923333466053009	0.923333466053009	12.0	-2.2612791061401367
123.20400000000001	0.9232547283172607	0.9232547283172607	12.0	-2.8322784900665283
123.296	0.9232051372528076	0.9232051372528076	12.0	-1.7868390083312988
123.393	0.9231542348861694	0.9231542348861694	12.0	-1.8290536403656006
123.48100000000001	0.9231035113334656	0.9231035113334656	12.0	-1.8290536403656006
123.57400000000001	0.9230572581291199	0.9230572581291199	12.0	-1.6648874282836914
123.664	0.9230043292045593	0.9230043292045593	12.0	-1.9051721096038818
123.75600000000001	0.9229299426078796	0.9229299426078796	12.0	-2.6784563064575195
123.83900000000001	0.9228819012641907	0.9228819012641907	12.0	-1.7286304235458374
123.92800000000001	0.9228135943412781	0.9228135943412781	12.0	-2.4621055126190186
124.01700000000001	0.9227569103240967	0.9227569103240967	12.0	-2.0388808250427246
124.10600000000001	0.9227122664451599	0.9227122664451599	12.0	-1.6047275066375732
124.19900000000001	0.9226420521736145	0.9226420521736145	12.0	-2.527379274368286
124.293	0.9225971102714539	0.9225971102714539	12.0	-1.6213444471359253
124.38300000000001	0.9225289821624756	0.9225289821624756	12.0	-2.4504904747009277
124.47200000000001	0.9224586486816406	0.9224586486816406	12.0	-2.527379274368286
124.56500000000001	0.9223888516426086	0.9223888516426086	12.0	-2.50687575340271
124.656	0.9223445057868958	0.9223445057868958	12.0	-1.6048702001571655
124.748	0.9223058819770813	0.9223058819770813	12.0	-1.3901915550231934
124.84200000000001	0.9222619533538818	0.9222619533538818	12.0	-1.5805578231811523
124.933	0.9221944212913513	0.9221944212913513	12.0	-2.4308202266693115
